Id,Sequence,Source,Length,Label,Type
DRAVPe01786,SKVNGQSGRAEFFWTILK,DRAVP,18,1,AVP
DRAVPe01788,SKVNGQSGRMEFAWTILK,DRAVP,18,1,AVP
DRAVPe01787,SKVNGQSGRMAFFWTILK,DRAVP,18,1,AVP
DRAVPe01789,SKVNGQSGRMEFFWTALK,DRAVP,18,1,AVP
DRAVPe01790,SKVNGQSGRMEFFWTIAK,DRAVP,18,1,AVP
DRAVPe01759,GDISGINASVVNIQKEIDRLNEVAKNLNESLIDLQELG,DRAVP,38,1,AVP
DRAVPe01785,SKVNGQAGRMEFFWTILK,DRAVP,18,1,AVP
DRAVPe01693,YWILEYLWKVPFDFWRGV,DRAVP,18,1,AVP
DRAVPe01692,NYWILEYLWKVPFDFWRG,DRAVP,18,1,AVP
DRAVPe01694,WILEYLWKVPFDFWRGVI,DRAVP,18,1,AVP
DRAVPe01696,LEYLWKVPFDFWRGVISL,DRAVP,18,1,AVP
DRAVPe01695,ILEYLWKVPFDFWRGVIS,DRAVP,18,1,AVP
DRAVPe01698,YLWKVPFDFWRGVISLTP,DRAVP,18,1,AVP
DRAVPe01697,EYLWKVPFDFWRGVISLT,DRAVP,18,1,AVP
DRAVPe01700,WKVPFDFWRGVISLTPLL,DRAVP,18,1,AVP
DRAVPe01699,LWKVPFDFWRGVISLTPL,DRAVP,18,1,AVP
DRAVPe01701,KVPFDFWRGVISLTPLLV,DRAVP,18,1,AVP
DRAVPe01702,VPFDFWRGVISLTPLLVC,DRAVP,18,1,AVP
DRAVPe01703,PFDFWRGVISLTPLLVCV,DRAVP,18,1,AVP
DRAVPe01704,FDFWRGVISLTPLLVCVA,DRAVP,18,1,AVP
DRAVPe01706,FWRGVISLTPLLVCVAAL,DRAVP,18,1,AVP
DRAVPe01705,DFWRGVISLTPLLVCVAA,DRAVP,18,1,AVP
DRAVPe01707,WRGVISLTPLLVCVAALL,DRAVP,18,1,AVP
DRAVPe01676,LKWESEFWRWTEQLASNY,DRAVP,18,1,AVP
DRAVPe01678,WESEFWRWTEQLASNYWI,DRAVP,18,1,AVP
DRAVPe01677,KWESEFWRWTEQLASNYW,DRAVP,18,1,AVP
DRAVPe01679,ESEFWRWTEQLASNYWIL,DRAVP,18,1,AVP
DRAVPe01681,EFWRWTEQLASNYWILEY,DRAVP,18,1,AVP
DRAVPe01680,SEFWRWTEQLASNYWILE,DRAVP,18,1,AVP
DRAVPe01682,FWRWTEQLASNYWILEYL,DRAVP,18,1,AVP
DRAVPe01683,WRWTEQLASNYWILEYLW,DRAVP,18,1,AVP
DRAVPe01684,RWTEQLASNYWILEYLWK,DRAVP,18,1,AVP
DRAVPe01685,WTEQLASNYWILEYLWKV,DRAVP,18,1,AVP
DRAVPe01687,EQLASNYWILEYLWKVPF,DRAVP,18,1,AVP
DRAVPe01686,TEQLASNYWILEYLWKVP,DRAVP,18,1,AVP
DRAVPe01688,QLASNYWILEYLWKVPFD,DRAVP,18,1,AVP
DRAVPe01689,LASNYWILEYLWKVPFDF,DRAVP,18,1,AVP
DRAVPe01690,ASNYWILEYLWKVPFDFW,DRAVP,18,1,AVP
DRAVPe01691,SNYWILEYLWKVPFDFWR,DRAVP,18,1,AVP
DRAVPe01647,SLDCVLRP,DRAVP,8,1,AVP
DRAVPe01649,SKHSSLDC,DRAVP,8,1,AVP
DRAVPe01655,GGVLVQPG,DRAVP,8,1,AVP
DRAVPe01656,GVLVQ,DRAVP,5,1,AVP
DRAVPe01664,PVPNLTCAVACELKWESE,DRAVP,18,1,AVP
DRAVPe01666,PNLTCAVACELKWESEFR,DRAVP,18,1,AVP
DRAVPe01665,VPNLTCAVACELKWESEF,DRAVP,18,1,AVP
DRAVPe01667,NLTCAVACELKWESEFWR,DRAVP,18,1,AVP
DRAVPe01669,TCAVACELKWESEFWRWT,DRAVP,18,1,AVP
DRAVPe01668,LTCAVACELKWESEFWRW,DRAVP,18,1,AVP
DRAVPe01670,CAVACELKWESEFWRWTE,DRAVP,18,1,AVP
DRAVPe01672,VACELKWESEFWRWTEQL,DRAVP,18,1,AVP
DRAVPe01671,AVACELKWESEFWRWTEQ,DRAVP,18,1,AVP
DRAVPe01673,ACELKWESEFWRWTEQLA,DRAVP,18,1,AVP
DRAVPe01674,CELKWESEFWRWTEQLAS,DRAVP,18,1,AVP
DRAVPe01675,ELKWESEFWRWTEQLASN,DRAVP,18,1,AVP
DRAVPe01638,DRGWGNGCGLFG,DRAVP,12,1,AVP
DRAVPe01640,KGVSGHGQHGVHG,DRAVP,13,1,AVP
DRAVPe01642,AGVSGHGQHGVHG,DRAVP,13,1,AVP
DRAVPe01644,KANEGLTWNSLKDK,DRAVP,14,1,AVP
DRAVPe01645,TNGESTADWAKN,DRAVP,12,1,AVP
DRAVPe01646,KSETKN,DRAVP,6,1,AVP
DRAVPe00007,GRWPVKT,DRAVP,7,1,AVP
DRAVPe00006,TAYFLLKLAGRW,DRAVP,12,1,AVP
DRAVPe00004,VHVASGY,DRAVP,7,1,AVP
DRAVPe01626,HCAFWW,DRAVP,6,1,AVP
DRAVPe01625,HAKFWW,DRAVP,6,1,AVP
DRAVPe00026,TAYFLLKLAGRA,DRAVP,12,1,AVP
DRAVPe00025,TAYFLLKLAGAW,DRAVP,12,1,AVP
DRAVPe00024,TAYFLLKLAARW,DRAVP,12,1,AVP
DRAVPe00018,TAAFLLKLAGRW,DRAVP,12,1,AVP
DRAVPe00016,VPRRKAKI,DRAVP,8,1,AVP
DRAVPe00043,TAYFLL,DRAVP,6,1,AVP
DRAVPe00038,TAYFLLKLAGRL,DRAVP,12,1,AVP
DRAVPe00036,TASFLLKLAGRW,DRAVP,12,1,AVP
DRAVPe00067,KTELQAIYLALQDSGLEVNI,DRAVP,20,1,AVP
DRAVPe00065,GYVTNRGRQKVVTLTDTTNQ,DRAVP,20,1,AVP
DRAVPe00057,FRKQNPDIVIYQYMD,DRAVP,15,1,AVP
DRAVPe00055,DFRELNKRTQDFWEVQLGIP,DRAVP,20,1,AVP
DRAVPe00082,EAIIRILQQLLFIHFRIGRRRRRRRR,DRAVP,26,1,AVP
DRAVPe00081,LQQLLFIHFRIGRRRRRRRR,DRAVP,20,1,AVP
DRAVPe00080,IHFRIGRRRRRRRR,DRAVP,14,1,AVP
DRAVPe00079,LQQLLFRRRRRRRR,DRAVP,14,1,AVP
DRAVPe00077,TNWLWYIKIFIMIV,DRAVP,14,1,AVP
DRAVPe00074,EQVDKLVSAGIRKVLFLDGI,DRAVP,20,1,AVP
DRAVPe00072,NQIIEQLIKKEKVY,DRAVP,14,1,AVP
DRAVPe00097,YQALIRMIYKNI,DRAVP,12,1,AVP
DRAVPe00095,YQLLIRMIYKNI,DRAVP,12,1,AVP
DRAVPe00092,QLLIRMI,DRAVP,7,1,AVP
DRAVPe00091,RMIYKNILFYLVPGPGHGAEPERRNIKYL,DRAVP,29,1,AVP
DRAVPe00087,QQLLFIHFRIGCQHS,DRAVP,15,1,AVP
DRAVPe00086,IRILQQLLFIHFRIG,DRAVP,15,1,AVP
DRAVPe00114,FCQAIGWGDPITHWSHGQ,DRAVP,18,1,AVP
DRAVPe00112,TGEKVWDRGNVTLLCDCP,DRAVP,18,1,AVP
DRAVPe00100,YQLLIAMIYKNI,DRAVP,12,1,AVP
DRAVPe00132,RHHYESTHPRISSEV,DRAVP,15,1,AVP
DRAVPe00127,SNQGGSPLPRSV,DRAVP,12,1,AVP
DRAVPe00121,VELSEWGVPCATCILDRR,DRAVP,18,1,AVP
DRAVPe00118,SWFASTGGRDSKIDVWSL,DRAVP,18,1,AVP
DRAVPe00147,KVGSLQYLALAALIT,DRAVP,15,1,AVP
DRAVPe00138,QVDPDLADQLIHLYY,DRAVP,15,1,AVP
DRAVPe00133,ESTHPRISSEVHIPL,DRAVP,15,1,AVP
DRAVPe00166,GTKALTEVIPLTEEAEC,DRAVP,17,1,AVP
DRAVPe00161,LCDCPNGPWVWVPAFCQAVG,DRAVP,20,1,AVP
DRAVPe00160,TLLCDCPNGPWVWVPAFCQA,DRAVP,20,1,AVP
DRAVPe00157,WDRGNVTLLCDCPNGPWVWV,DRAVP,20,1,AVP
DRAVPe00151,KKIKPPLPSVTKLTE,DRAVP,15,1,AVP
DRAVPe00180,GTKALTEVIPLTEAAEC,DRAVP,17,1,AVP
DRAVPe00179,GTKALTEVIPLTAEAEC,DRAVP,17,1,AVP
DRAVPe00178,GTKALTEVIPLAEEAEC,DRAVP,17,1,AVP
DRAVPe00177,GTKALTEVIPATEEAEC,DRAVP,17,1,AVP
DRAVPe00176,GTKALTEVIALTEEAEC,DRAVP,17,1,AVP
DRAVPe00175,GTKALTEVAPLTEEAEC,DRAVP,17,1,AVP
DRAVPe00174,GTKALTEAIPLTEEAEC,DRAVP,17,1,AVP
DRAVPe00173,GTKALTAVIPLTEEAEC,DRAVP,17,1,AVP
DRAVPe00172,GTKALAEVIPLTEEAEC,DRAVP,17,1,AVP
DRAVPe00171,GTKAATEVIPLTEEAEC,DRAVP,17,1,AVP
DRAVPe00170,GTKGLTEVIPLTEEAEC,DRAVP,17,1,AVP
DRAVPe00169,GTAALTEVIPLTEEAEC,DRAVP,17,1,AVP
DRAVPe00168,GAKALTEVIPLTEEAEC,DRAVP,17,1,AVP
DRAVPe00167,ATKALTEVIPLTEEAEC,DRAVP,17,1,AVP
DRAVPe00197,LEAIPASIPPEVKFNKPFVF,DRAVP,20,1,AVP
DRAVPe00192,LEAIPMSIPPEVKFNKPFVF,DRAVP,20,1,AVP
DRAVPe00189,KWLTEWIPLTAEC,DRAVP,13,1,AVP
DRAVPe00187,GTKWLTEWIPLTAEC,DRAVP,15,1,AVP
DRAVPe00186,KWLTEWIPLTAEAEC,DRAVP,15,1,AVP
DRAVPe00183,GTKALTEVIPLTC,DRAVP,13,1,AVP
DRAVPe00217,LEAIPCSIPPCVAFNKPFVF,DRAVP,20,1,AVP
DRAVPe00216,LEAIPMCIPPECAFNKPFVF,DRAVP,20,1,AVP
DRAVPe00215,LEAIPMSIPPEVFFNKPFVF,DRAVP,20,1,AVP
DRAVPe00205,LEAIPMSIPPEVKFAKPFVF,DRAVP,20,1,AVP
DRAVPe00203,LEAIPMSIPPEVAFNKPFVF,DRAVP,20,1,AVP
DRAVPe00237,YTSLIHSLIEEPQNQQEKNEQELLELDKWASLWNWF,DRAVP,36,1,AVP
DRAVPe00236,YTSLIHSLIEEMQNQQEKNEQELLELDKWASLWNWF,DRAVP,36,1,AVP
DRAVPe00235,YTSLIHSLIEEIQNQQEKNEQELLELDKWASLWNWF,DRAVP,36,1,AVP
DRAVPe00234,YTSLIHSLIEELQNQQEKNEQELLELDKWASLWNWF,DRAVP,36,1,AVP
DRAVPe00233,YTSLIHSLIEEVQNQQEKNEQELLELDKWASLWNWF,DRAVP,36,1,AVP
DRAVPe00232,YTSLIHSLIEEAQNQQEKNEQELLELDKWASLWNWF,DRAVP,36,1,AVP
DRAVPe00231,YTSLIHSLIEEGQNQQEKNEQELLELDKWASLWNWF,DRAVP,36,1,AVP
DRAVPe00227,LEAIPCSIPPCFLFNKPFVF,DRAVP,20,1,AVP
DRAVPe00225,LEAIPCSIPPCFLFGKPFVF,DRAVP,20,1,AVP
DRAVPe00224,LEAIPCSIPPCVFFGKPFVF,DRAVP,20,1,AVP
DRAVPe00223,LEAIPMSIPPEFLFGKPFVF,DRAVP,20,1,AVP
DRAVPe00220,LEAIPCSIPPCVLFNKPFVF,DRAVP,20,1,AVP
DRAVPe00253,WMEWDREINNYTSLIHSLIEEPQNQQEKNEQELL,DRAVP,34,1,AVP
DRAVPe00252,WMEWDREINNYTSLIHSLIEEWQNQQEKNEQELL,DRAVP,34,1,AVP
DRAVPe00251,WMEWDREINNYTSLIHSLIEETQNQQEKNEQELL,DRAVP,34,1,AVP
DRAVPe00250,WMEWDREINNYTSLIHSLIEELQNQQEKNEQELL,DRAVP,34,1,AVP
DRAVPe00249,WMEWDREINNYTSLIHSLIEEAQNQQEKNEQELL,DRAVP,34,1,AVP
DRAVPe00248,YTSLIHSLIEERQNQQEKNEQELLELDKWASLWNWF,DRAVP,36,1,AVP
DRAVPe00247,YTSLIHSLIEEKQNQQEKNEQELLELDKWASLWNWF,DRAVP,36,1,AVP
DRAVPe00246,YTSLIHSLIEEHQNQQEKNEQELLELDKWASLWNWF,DRAVP,36,1,AVP
DRAVPe00245,YTSLIHSLIEEEQNQQEKNEQELLELDKWASLWNWF,DRAVP,36,1,AVP
DRAVPe00244,YTSLIHSLIEEDQNQQEKNEQELLELDKWASLWNWF,DRAVP,36,1,AVP
DRAVPe00243,YTSLIHSLIEEQQNQQEKNEQELLELDKWASLWNWF,DRAVP,36,1,AVP
DRAVPe00242,YTSLIHSLIEENQNQQEKNEQELLELDKWASLWNWF,DRAVP,36,1,AVP
DRAVPe00241,YTSLIHSLIEEWQNQQEKNEQELLELDKWASLWNWF,DRAVP,36,1,AVP
DRAVPe00240,YTSLIHSLIEEYQNQQEKNEQELLELDKWASLWNWF,DRAVP,36,1,AVP
DRAVPe00239,YTSLIHSLIEEFQNQQEKNEQELLELDKWASLWNWF,DRAVP,36,1,AVP
DRAVPe00238,YTSLIHSLIEETQNQQEKNEQELLELDKWASLWNWF,DRAVP,36,1,AVP
DRAVPe00269,TTWEAWDRAIAEYAARIEALIRAAQELQEKLEAALREL,DRAVP,38,1,AVP
DRAVPe00268,TTWEAWDRAIAEYAARIEALIRALQELQEKNEAILREL,DRAVP,38,1,AVP
DRAVPe00267,TTWEAWDRAIAEYAARIEALIRALQELQEKNEAALREL,DRAVP,38,1,AVP
DRAVPe00266,TTWEAWDRAIAEYAARIEALIRAAQEQQEKLEAVLREL,DRAVP,38,1,AVP
DRAVPe00265,TTWEAWDRAIAEYAARIEALIRAAQEQQEKLEAALREL,DRAVP,38,1,AVP
DRAVPe00264,TTWEAWDRAIAEYAARIEALIRALQEQQEKNEAILREL,DRAVP,38,1,AVP
DRAVPe00263,TTWEAWDRAIAEYAARIEALIRAAQELQEKNEAALREL,DRAVP,38,1,AVP
DRAVPe00262,TTWEAWDRAIAEYAARIEALIRALQEQQEKNEAALREL,DRAVP,38,1,AVP
DRAVPe00261,TTWEAWDRAIAEYAARIEALIRAAQEQQEKNEAILREL,DRAVP,38,1,AVP
DRAVPe00260,MTWEAWDRAIAEYAARIEALIRAAQEQQEKNEAALREL,DRAVP,38,1,AVP
DRAVPe00259,TTWEAWDRAIAEYAARIEALIRASQEQQEKNEAELREL,DRAVP,38,1,AVP
DRAVPe00256,MTWMEWDREINNYTSLIHSLIEESQNQQEKNEQELLEL,DRAVP,38,1,AVP
DRAVPe00255,MTWMEWDREINNYTSLIHSLIEESQNQQEKNEQELL,DRAVP,36,1,AVP
DRAVPe00276,AEASQVTNTATIM,DRAVP,13,1,AVP
DRAVPe00311,GNNRPVYIPQPRPPHPRI,DRAVP,18,1,AVP
DRAVPe00304,GWFDVVKHIAKRF,DRAVP,13,1,AVP
DRAVPe00327,GIWSDLAEIIKKF,DRAVP,13,1,AVP
DRAVPe00325,GWFDIIKKIASEL,DRAVP,13,1,AVP
DRAVPe00322,GLFDIIKKIAESW,DRAVP,13,1,AVP
DRAVPe00347,RPKHPIKHQGLPQEVLNENLLRF,DRAVP,23,1,AVP
DRAVPe00341,SWKSMAKKLKEYMEKLKQRA,DRAVP,20,1,AVP
DRAVPe00364,GLFGVLGSIAKHLLPHVVPVIAEKL,DRAVP,25,1,AVP
DRAVPe00397,TLLKKVLKAAAKAALNAVLVGANA,DRAVP,24,1,AVP
DRAVPe00385,FVPWFSKFLWRIL,DRAVP,13,1,AVP
DRAVPe00383,FVPWFSKFLKRIL,DRAVP,13,1,AVP
DRAVPe00378,FVPWFSKFLPRIL,DRAVP,13,1,AVP
DRAVPe00377,FVPWFSKFLGRIL,DRAVP,13,1,AVP
DRAVPe00375,GFLSIFRGVAKFASKGLGKDLARLGVNLVACKISKQC,DRAVP,37,1,AVP
DRAVPe00372,FFHHIFRGIVHVGKTIHKLVTG,DRAVP,22,1,AVP
DRAVPe00432,TFLDLEYEMKKLEEAIKKLEESYIDLKELGTYEYYV,DRAVP,36,1,AVP
DRAVPe00431,NVTFLDLEYEMKKLEEAIKKLEESYIDLKELGTYEY,DRAVP,36,1,AVP
DRAVPe00430,SLDQINVTFLDLEYEMKKLEEAIKKLEESYIDLKELGTYEYYVKW,DRAVP,45,1,AVP
DRAVPe00422,SVVNIQKEIDRLNEVAKNLNESLIDLQELGKYEQYIK,DRAVP,37,1,AVP
DRAVPe00420,SLDQINVTFLDLEYEMKKLEEAIKKLEESYIDLKELK,DRAVP,37,1,AVP
DRAVPe00417,SLTQINASVVNIQKEIDRLNEVAKNLNESLIDLQEL,DRAVP,36,1,AVP
DRAVPe00416,ELSGINASVVNLQKEIDRLNEVAKNLNESLIDLQEL,DRAVP,36,1,AVP
DRAVPe00415,EISGINASVVNIQKEIDRLNEVAKNLNESLIDLQEL,DRAVP,36,1,AVP
DRAVPe00407,SLDQINVTFLDLEYEMKKLEEAIKKLEESYIDLKELGSGSG,DRAVP,41,1,AVP
DRAVPe00405,SLDQINVTFLDLEYEMKKLEEAIKKLEESYIDLKELGSG,DRAVP,39,1,AVP
DRAVPe00400,ALWDTLLKKVLKAAAKAALDAVLVGANA,DRAVP,28,1,AVP
DRAVPe00399,ALWKTLLKKVLKAAAKAALKAVLVGANA,DRAVP,28,1,AVP
DRAVPe00450,ISGINASVVNIQKEIDRLNEVAKNLNESLIK,DRAVP,31,1,AVP
DRAVPe00449,IQKEIDRLNEVAKNLNESLIDLQELGKYEQYIK,DRAVP,33,1,AVP
DRAVPe00448,IDRLNEVAKNLNESLIDLQELGK,DRAVP,23,1,AVP
DRAVPe00446,SVVNIQKEIDRLNEVAKNLNESLIDLQELGK,DRAVP,31,1,AVP
DRAVPe00444,ISGINASVVNIQKEIDRLNEVAKNLNESLIDLQELK,DRAVP,36,1,AVP
DRAVPe00441,NVTFLDLEYEMKKLEEAIKKLEESYIDLKELGTYEYGSGC,DRAVP,40,1,AVP
DRAVPe00440,LDLEYEMKKLEEAIKKLEESYIDLKELGTYEYYVKWGSGK,DRAVP,40,1,AVP
DRAVPe00439,TFLDLEYEMKKLEEAIKKLEESYIDLKELGTYEYYVGSGK,DRAVP,40,1,AVP
DRAVPe00438,NVTFLDLEYEMKKLEEAIKKLEESYIDLKELGTYEYGSGK,DRAVP,40,1,AVP
DRAVPe00437,SLDQINVTFLDLEYEMKKLEEAIKKLEESYIDLKELGTYEYYVKWGSGK,DRAVP,49,1,AVP
DRAVPe00436,LDLEYEMKKLEEAIKKLEESYIDLKELGTYEYYVKWGSGC,DRAVP,40,1,AVP
DRAVPe00435,TFLDLEYEMKKLEEAIKKLEESYIDLKELGTYEYYVGSGC,DRAVP,40,1,AVP
DRAVPe00434,SLDQINVTFLDLEYEMKKLEEAIKKLEESYIDLKELGTYEYYVKWGSGC,DRAVP,49,1,AVP
DRAVPe00433,LDLEYEMKKLEEAIKKLEESYIDLKELGTYEYYVKW,DRAVP,36,1,AVP
DRAVPe00461,SENRKVPFYSHS,DRAVP,12,1,AVP
DRAVPe00460,TEPSTRGSWKFW,DRAVP,12,1,AVP
DRAVPe00459,QEGISRFKICPYHWYKQHMSLLFRRYYHKLDSII,DRAVP,34,1,AVP
DRAVPe00457,GGARDAGKAEWW,DRAVP,12,1,AVP
DRAVPe00455,GFSSLFKAGAKYLLKQVGKAGAQQLACKAANNC,DRAVP,33,1,AVP
DRAVPe00454,RLAAKCAARFAEHGLKRG,DRAVP,18,1,AVP
DRAVPe00453,RKFFKKIYRFFRKLLKRL,DRAVP,18,1,AVP
DRAVPe00452,RLFFKCIYRFFEHGLKRG,DRAVP,18,1,AVP
DRAVPe00451,SVVNIQKEIDRLNEVAKNLNESLIK,DRAVP,25,1,AVP
DRAVPe00478,QAKTFLDKFNHEA,DRAVP,13,1,AVP
DRAVPe00477,GKGDFRIL,DRAVP,8,1,AVP
DRAVPe00476,LAQMYPL,DRAVP,7,1,AVP
DRAVPe00475,EDLFYQSSL,DRAVP,9,1,AVP
DRAVPe00474,TFLDKFNHEAEDLFYQ,DRAVP,16,1,AVP
DRAVPe00469,AIGSILGALAKGLPTLISWIKNR,DRAVP,23,1,AVP
DRAVPe00508,WEEWDKKIEEYTKKIEELIKKSQNQQSW,DRAVP,28,1,AVP
DRAVPe00507,WEEWDKKIEEYTKKIEELIKKSQNQQSM,DRAVP,28,1,AVP
DRAVPe00506,MTWEEWDKKIEEYTKKIEELIKKSQNQQ,DRAVP,28,1,AVP
DRAVPe00505,WEEWDKKIEEYTKKIEELIKKSQNQQ,DRAVP,26,1,AVP
DRAVPe00500,WNSLKIDNLAV,DRAVP,11,1,AVP
DRAVPe00495,WNSLAIDNLDV,DRAVP,11,1,AVP
DRAVPe00526,IIRILQQLLFIHFRIGRRRRRRRR,DRAVP,24,1,AVP
DRAVPe00525,IRILQQLLFIHFRIGRRRRRRRR,DRAVP,23,1,AVP
DRAVPe00524,RILQQLLFIHFRIGRRRRRRRR,DRAVP,22,1,AVP
DRAVPe00523,ILQQLLFIHFRIGRRRRRRRR,DRAVP,21,1,AVP
DRAVPe00514,WEEWDKKIEEYTKKIEELIKKSQNQQIDL,DRAVP,29,1,AVP
DRAVPe00513,WEEWDKKIEEYTKKIEELIKKSQNQQLDI,DRAVP,29,1,AVP
DRAVPe00512,WEEWDKKIEEYTKKIEELIKKSQNQQIDI,DRAVP,29,1,AVP
DRAVPe00511,WEEWDKKIEEYTKKIEELIKKSQNQQLDL,DRAVP,29,1,AVP
DRAVPe00510,WEEWDKKIEEYTKKIEELIKKSQNQQSDLD,DRAVP,30,1,AVP
DRAVPe00509,WEEWDKKIEEYTKKIEELIKKSQNQQSY,DRAVP,28,1,AVP
DRAVPe00536,LAQLLFIHFRIGRRRRRRRR,DRAVP,20,1,AVP
DRAVPe00535,AQQLLFIHFRIGRRRRRRRR,DRAVP,20,1,AVP
DRAVPe00532,EAEIRIKQQLLFIHFRIGRRRRRRRR,DRAVP,26,1,AVP
DRAVPe00529,EEIIRKLQQLLFIHFRIGRRRRRRRR,DRAVP,26,1,AVP
DRAVPe00528,EAIIRILQQLLFIEFRIKRRRRRRRR,DRAVP,26,1,AVP
DRAVPe00527,AIIRILQQLLFIHFRIGRRRRRRRR,DRAVP,25,1,AVP
DRAVPe00580,WEEWDKKIEEYTKKIEELIKKSEEQQKKNEK,DRAVP,31,1,AVP
DRAVPe00579,WEEWDKKIEEYTKKIEELIKKSEEQQKKNEKE,DRAVP,32,1,AVP
DRAVPe00578,WEEWDKKIEEYTKKIEELIKKSEEQQKKNEKEL,DRAVP,33,1,AVP
DRAVPe00577,WEEWDKKIEEYTKKIEELIKKSEEQQKKNEKELK,DRAVP,34,1,AVP
DRAVPe00572,LDLTYEMLSLQQVVKALNESY,DRAVP,21,1,AVP
DRAVPe00551,RQLLSGIVQQQNNLLRAIEAQQH,DRAVP,23,1,AVP
DRAVPe00550,RQLLSGIVQQQNNLLRAIEAQQHLL,DRAVP,25,1,AVP
DRAVPe00596,MTWEEWDKKIEEYTKKIEELIKKSEEQQKKNEKE,DRAVP,34,1,AVP
DRAVPe00595,MTWEEWDKKIEEYTKKIEELIKKSEEQQKKNEKEL,DRAVP,35,1,AVP
DRAVPe00593,WEEWDKKIEEYTKKIEEL,DRAVP,18,1,AVP
DRAVPe00592,WEEWDKKIEEYTKKIEELI,DRAVP,19,1,AVP
DRAVPe00591,WEEWDKKIEEYTKKIEELIK,DRAVP,20,1,AVP
DRAVPe00590,WEEWDKKIEEYTKKIEELIKK,DRAVP,21,1,AVP
DRAVPe00589,WEEWDKKIEEYTKKIEELIKKS,DRAVP,22,1,AVP
DRAVPe00588,WEEWDKKIEEYTKKIEELIKKSE,DRAVP,23,1,AVP
DRAVPe00587,WEEWDKKIEEYTKKIEELIKKSEE,DRAVP,24,1,AVP
DRAVPe00586,WEEWDKKIEEYTKKIEELIKKSEEQ,DRAVP,25,1,AVP
DRAVPe00585,WEEWDKKIEEYTKKIEELIKKSEEQQ,DRAVP,26,1,AVP
DRAVPe00584,WEEWDKKIEEYTKKIEELIKKSEEQQK,DRAVP,27,1,AVP
DRAVPe00583,WEEWDKKIEEYTKKIEELIKKSEEQQKK,DRAVP,28,1,AVP
DRAVPe00582,WEEWDKKIEEYTKKIEELIKKSEEQQKKN,DRAVP,29,1,AVP
DRAVPe00581,WEEWDKKIEEYTKKIEELIKKSEEQQKKNE,DRAVP,30,1,AVP
DRAVPe00611,MTWEEWDKKIEEYTKKIEELIKKSQNQQEKN,DRAVP,31,1,AVP
DRAVPe00610,MTWEEWDKKIEEYTKKIEEL,DRAVP,20,1,AVP
DRAVPe00609,MTWEEWDKKIEEYTKKIEELI,DRAVP,21,1,AVP
DRAVPe00608,MTWEEWDKKIEEYTKKIEELIK,DRAVP,22,1,AVP
DRAVPe00607,MTWEEWDKKIEEYTKKIEELIKK,DRAVP,23,1,AVP
DRAVPe00606,MTWEEWDKKIEEYTKKIEELIKKS,DRAVP,24,1,AVP
DRAVPe00605,MTWEEWDKKIEEYTKKIEELIKKSE,DRAVP,25,1,AVP
DRAVPe00604,MTWEEWDKKIEEYTKKIEELIKKSEE,DRAVP,26,1,AVP
DRAVPe00603,MTWEEWDKKIEEYTKKIEELIKKSEEQ,DRAVP,27,1,AVP
DRAVPe00602,MTWEEWDKKIEEYTKKIEELIKKSEEQQ,DRAVP,28,1,AVP
DRAVPe00601,MTWEEWDKKIEEYTKKIEELIKKSEEQQK,DRAVP,29,1,AVP
DRAVPe00600,MTWEEWDKKIEEYTKKIEELIKKSEEQQKK,DRAVP,30,1,AVP
DRAVPe00599,MTWEEWDKKIEEYTKKIEELIKKSEEQQKKN,DRAVP,31,1,AVP
DRAVPe00598,MTWEEWDKKIEEYTKKIEELIKKSEEQQKKNE,DRAVP,32,1,AVP
DRAVPe00597,MTWEEWDKKIEEYTKKIEELIKKSEEQQKKNEK,DRAVP,33,1,AVP
DRAVPe00679,YTSLIEELIKKSEEQQKKNEEELKK,DRAVP,25,1,AVP
DRAVPe00678,WEQKIEELLKKAEEQQKKNEEELKKLEK,DRAVP,28,1,AVP
DRAVPe00677,LEANIEELLKKAEEQQKKNEEELKKLEK,DRAVP,28,1,AVP
DRAVPe00676,YTSLIEELIKKSEEQQKKNEEELKKLEK,DRAVP,28,1,AVP
DRAVPe00675,YTSLIHSLIEESQNQQEKNEQELLELDK,DRAVP,28,1,AVP
DRAVPe00623,EKINQSLAFIRKSDELLHNV,DRAVP,20,1,AVP
DRAVPe00619,YTSLIWKVLNDAREQQENNQETLVEIDKWASLWNWF,DRAVP,36,1,AVP
DRAVPe00615,YTSLLRSIIEEGRNQQEKNEQALLELDKWASLWNWF,DRAVP,36,1,AVP
DRAVPe00694,WEEWEKKIEEYTKKIEEILKKSEEQQKKNEEELKKLEK,DRAVP,38,1,AVP
DRAVPe00693,VEELEKKIEELLKKAEEQQKKNEEELKKLEK,DRAVP,31,1,AVP
DRAVPe00691,IEEYTKKIEEILKKSEEQQKKNEEELKKLEK,DRAVP,31,1,AVP
DRAVPe00689,IEELLKKAEEQQKKNEEELKK,DRAVP,21,1,AVP
DRAVPe00688,IEELLKKAEEQQKKNEEELKKLEK,DRAVP,24,1,AVP
DRAVPe00687,KIEELLKKAEEQQKKNEEELKKLEK,DRAVP,25,1,AVP
DRAVPe00686,QKIEELLKKAEEQQKKNEEELKKLEK,DRAVP,26,1,AVP
DRAVPe00685,EQKIEELLKKAEEQQKKNEEELKKLEK,DRAVP,27,1,AVP
DRAVPe00684,SLIEELIKKSEEQQKKNEEELKKLEK,DRAVP,26,1,AVP
DRAVPe00683,WEQKIEELLKKAEEQQKK,DRAVP,18,1,AVP
DRAVPe00682,WEQKIEELLKKAEEQQKKNEK,DRAVP,21,1,AVP
DRAVPe00681,WEQKIEELLKKAEEQQKKNEEEK,DRAVP,23,1,AVP
DRAVPe00680,WEQKIEELLKKAEEQQKKNEEELKK,DRAVP,25,1,AVP
DRAVPe00711,KPFVFLM,DRAVP,7,1,AVP
DRAVPe00709,FVFLM,DRAVP,5,1,AVP
DRAVPe00699,ILPWKWPWWPWP,DRAVP,12,1,AVP
DRAVPe00698,LPWKWPWWPWPP,DRAVP,12,1,AVP
DRAVPe00729,GEWYNQTKDLQQKFYEIIMDIEQNNVQGKKGIQQL,DRAVP,35,1,AVP
DRAVPe00728,LGEWYNQTKDLQQKFYEIIMDIEQNNVQGKKGIQQ,DRAVP,35,1,AVP
DRAVPe00727,TLGEWYNQTKDLQQKFYEIIMDIEQNNVQGKKG,DRAVP,33,1,AVP
DRAVPe00725,NITLGEWYNQTKDLQQKFYEIIMDIEQNNVQGK,DRAVP,33,1,AVP
DRAVPe00724,GNITLGEWYNQTKDLQQKFYEIIMDIEQNNVQG,DRAVP,33,1,AVP
DRAVPe00723,WNHGNITLGEWYNQTKDLQQKFYEIIMDIEQNNVQ,DRAVP,35,1,AVP
DRAVPe00722,IWNHGNITLGEWYNQTKDLQQKFYEIIMDIEQNNV,DRAVP,35,1,AVP
DRAVPe00721,CPEVFLM,DRAVP,7,1,AVP
DRAVPe00720,CPFVFLR,DRAVP,7,1,AVP
DRAVPe00719,CPFVFLE,DRAVP,7,1,AVP
DRAVPe00718,CPFVFLM,DRAVP,7,1,AVP
DRAVPe00760,WFVLLTITVLR,DRAVP,11,1,AVP
DRAVPe00755,LWHHIWNFVHGLI,DRAVP,13,1,AVP
DRAVPe00736,FYEIIMDIEQNNVQGKKGIQQLQKWEDWVGWIGNI,DRAVP,35,1,AVP
DRAVPe00735,TKDLQQKFYEIIMDIEQNNVQGKKGIQQLQKWEDW,DRAVP,35,1,AVP
DRAVPe00733,NQTKDLQQKFYEIIMDIEQNNVQGKKGIQQLQKWE,DRAVP,35,1,AVP
DRAVPe00732,YNQTKDLQQKFYEIIMDIEQNNVQGKKGIQQLQKW,DRAVP,35,1,AVP
DRAVPe00731,WYNQTKDLQQKFYEIIMDIEQNNVQGKKGIQQLQK,DRAVP,35,1,AVP
DRAVPe00792,TTWEAWDRAIAEYAARIEALIRAAQEQQEKNEAALREL,DRAVP,38,1,AVP
DRAVPe00776,WGVSGHGQHGVHG,DRAVP,13,1,AVP
DRAVPe00775,YGVSGHGQHGVHG,DRAVP,13,1,AVP
DRAVPe00774,FGVSGHGQHGVHG,DRAVP,13,1,AVP
DRAVPe00773,HGVSGHG,DRAVP,7,1,AVP
DRAVPe00772,HGVSGHGQ,DRAVP,8,1,AVP
DRAVPe00770,HGVSGHGQHGV,DRAVP,11,1,AVP
DRAVPe00766,GQHGVHG,DRAVP,7,1,AVP
DRAVPe00765,HGQHGVHG,DRAVP,8,1,AVP
DRAVPe00764,GHGQHGVHG,DRAVP,9,1,AVP
DRAVPe00763,SGHGQHGVHG,DRAVP,10,1,AVP
DRAVPe00762,VSGHGQHGVHG,DRAVP,11,1,AVP
DRAVPe00832,ALWKTMLKKLGT,DRAVP,12,1,AVP
DRAVPe00831,ALWKTMLKKLGTM,DRAVP,13,1,AVP
DRAVPe00830,ALWKTMLKKLGTMA,DRAVP,14,1,AVP
DRAVPe00828,ALHKTMLKKLGTMAL,DRAVP,15,1,AVP
DRAVPe00826,ALWKTMLKKLGTMALHAGK,DRAVP,19,1,AVP
DRAVPe00825,ALWTTMLKKLGKMALHAGKAALGAAADTI,DRAVP,29,1,AVP
DRAVPe00824,ALWKTMLKKLGTMALHAGKAALGAAADTI,DRAVP,29,1,AVP
DRAVPe00823,KIKKIENEIARIKKLLQLTVWGIKQLQARIL,DRAVP,31,1,AVP
DRAVPe00822,KQKKIENEIARIKKLLQLTVWGIKQLQARIL,DRAVP,31,1,AVP
DRAVPe00821,KIEEIESKIKKIENEIARIKKLLQLTVWGIKQLQARIL,DRAVP,38,1,AVP
DRAVPe00820,KIEEIESKQKKIENEIARIKKLLQLTVWGIKQLQARIL,DRAVP,38,1,AVP
DRAVPe00819,RMKQIEDKIEEIESKIKKIENEIARIKKLLQLTVWGIKQLQARIL,DRAVP,45,1,AVP
DRAVPe00816,IKKEIEAIKKEQEAIKKKIEAIEKLLQLTVWGIKQLQARIL,DRAVP,41,1,AVP
DRAVPe00812,RMKQIEDKIEEIESKQKKIENEIARIKKLLQLTVWGIKQLQARIL,DRAVP,45,1,AVP
DRAVPe00833,EMTWEEWEKKIEEYTKKIEEILKKSQNQQIDL,DRAVP,32,1,AVP
DRAVPe01143,TFGGGYVYF,DRAVP,9,1,AVP
DRAVPe01142,RYFTFGGGYVYF,DRAVP,12,1,AVP
DRAVPe01141,GHRRYFTFGGGYVYA,DRAVP,15,1,AVP
DRAVPe01140,GHRRYFTFGGGYVAF,DRAVP,15,1,AVP
DRAVPe01139,GHRRYFTFGAGYVYF,DRAVP,15,1,AVP
DRAVPe01138,GHRRYFTAGGGYVYF,DRAVP,15,1,AVP
DRAVPe01137,GHRRYATFGGGYVYF,DRAVP,15,1,AVP
DRAVPe01136,GHRRAFTFGGGYVYF,DRAVP,15,1,AVP
DRAVPe01135,GHRAYFTFGGGYVYF,DRAVP,15,1,AVP
DRAVPe01134,HRRYFTFGGGYVYF,DRAVP,14,1,AVP
DRAVPe01145,GHRRYFTFG,DRAVP,9,1,AVP
DRAVPe01144,GHRRYFTFGGGY,DRAVP,12,1,AVP
DRAVPe01162,MDVNPTL,DRAVP,7,1,AVP
DRAVPe01205,KAKAKAKAKAKAKAKAKAKAK,DRAVP,21,1,AVP
DRAVPe01203,RRKKLAVLLALLA,DRAVP,13,1,AVP
DRAVPe01202,RRKKLLAVLLALLA,DRAVP,14,1,AVP
DRAVPe01201,RRKKALLAVLLALLA,DRAVP,15,1,AVP
DRAVPe01200,RRKKVALLAVLLALLA,DRAVP,16,1,AVP
DRAVPe01199,RRKKAAVALLAVLLALLA,DRAVP,18,1,AVP
DRAVPe01220,WVRWI,DRAVP,5,1,AVP
DRAVPe01268,ILMCFS,DRAVP,6,1,AVP
DRAVPe01267,ILMCFSI,DRAVP,7,1,AVP
DRAVPe01376,YAGTVINDL,DRAVP,9,1,AVP
DRAVPe01375,YTMLVVDDL,DRAVP,9,1,AVP
DRAVPe01354,GAVVNDL,DRAVP,7,1,AVP
DRAVPe01415,ACFPWGNTACGGK,DRAVP,13,1,AVP
DRAVPe01414,ACFPWGNAWCGGK,DRAVP,13,1,AVP
DRAVPe01413,ACFPWGATWCGGK,DRAVP,13,1,AVP
DRAVPe01412,ACFPWANTWCGGK,DRAVP,13,1,AVP
DRAVPe01411,ACFPAGNTWCGGK,DRAVP,13,1,AVP
DRAVPe01410,ACFAWGNTWCGGK,DRAVP,13,1,AVP
DRAVPe01409,ACAPWGNTWCGGK,DRAVP,13,1,AVP
DRAVPe01508,CWVRLGRYILRRLKTPFT,DRAVP,18,1,AVP
DRAVPe01507,CWVRLGRYLLRRLKTLFT,DRAVP,18,1,AVP
DRAVPe01505,CWVRLLRYLLRRLKTPFT,DRAVP,18,1,AVP
DRAVPe01504,CWVRLVRYLLRRLKTPFT,DRAVP,18,1,AVP
DRAVPe01503,CWVRLARYLLRRLKTPFT,DRAVP,18,1,AVP
DRAVPe01502,CWVRLGRYVLRRLKTPFT,DRAVP,18,1,AVP
DRAVPe01501,CWVRLGRYALRRLKTPFT,DRAVP,18,1,AVP
DRAVPe01500,CWVRLGRYSLRRLKTPFT,DRAVP,18,1,AVP
DRAVPe01499,CWVRLGRYKLRRLKTPFT,DRAVP,18,1,AVP
DRAVPe01518,CWVRLGRELLRRLKTPFT,DRAVP,18,1,AVP
DRAVPe01517,CWVRLGRELLRRLKEPFT,DRAVP,18,1,AVP
DRAVPe01515,EWVRLGRELLRRLKEPFT,DRAVP,18,1,AVP
DRAVPe01514,CWVRLGRKLLRRLKTPFT,DRAVP,18,1,AVP
DRAVPe01513,CWVRLGRKLLRRLKKPFT,DRAVP,18,1,AVP
DRAVPe01512,KWVRLGRKLLRRLKKPFT,DRAVP,18,1,AVP
DRAVPe01509,CWVRLGRYILRRIKTPFT,DRAVP,18,1,AVP
DRAVPe01537,SKVNGQSGRMEFFWTILK,DRAVP,18,1,AVP
DRAVPe01528,FLKGIVGMLGKLF,DRAVP,13,1,AVP
DRAVPe01527,FLSGIVGMLGKLF,DRAVP,13,1,AVP
DRAVPe01563,RYICRCICGRGICRCICG,DRAVP,18,1,AVP
DRAVPe01562,GICRCICGRYICRCICGR,DRAVP,18,1,AVP
DRAVPe01561,GICRCICGKGICRCICGR,DRAVP,18,1,AVP
DRAVPe01551,FFPVIGRILNGIL,DRAVP,13,1,AVP
DRAVPe01572,RRQRPRLSHKGP,DRAVP,12,1,AVP
DRAVPe01570,RRQRPRLSHKGPM,DRAVP,13,1,AVP
DRAVPe01569,RRKFRRQRPRLSHKGPMPF,DRAVP,19,1,AVP
DRAVPe01568,RRQRPRLSHKGPMPF,DRAVP,15,1,AVP
DRAVPe01583,VDCSPGIWQLDCTHL,DRAVP,15,1,AVP
DRAVPe01582,MHGQVDCSPGIWQLD,DRAVP,15,1,AVP
DRAVPe01581,KGEAMHGQVDCSPGI,DRAVP,15,1,AVP
DRAVPe01611,YRWWRWARRW,DRAVP,10,1,AVP
DRAVPe01609,RWWRWWR,DRAVP,7,1,AVP
DRAVPe01607,RRWYRWW,DRAVP,7,1,AVP
DRAVPe01601,MPKTRRRPRRSQRKRPPTPWP,DRAVP,21,1,AVP
DRAVPe01599,TRQARRNRRRRWRERQRAAAAC,DRAVP,22,1,AVP
DRAVPe01598,TRQARRNRRRRWRERQR,DRAVP,17,1,AVP
DRAVPe01821,LLMVNEATRFQTVSGFV,DRAVP,17,1,AVP
DRAVPe01623,HCKAWW,DRAVP,6,1,AVP
DRAVPe01622,HCKFWA,DRAVP,6,1,AVP
DRAVPe01619,HCKFWI,DRAVP,6,1,AVP
DRAVPe01837,GKRKSGCA,DRAVP,8,1,AVP
DRAVPe01836,LCLRNWDQGHRP,DRAVP,12,1,AVP
DRAVPe01828,QMRRKVELFTYMRF,DRAVP,14,1,AVP
DRAVPe01827,RKVELFTYMRFD,DRAVP,12,1,AVP
DRAVPe01826,RRKVELFTYMRFD,DRAVP,13,1,AVP
DRAVPe01825,MRRKVELFTYMRFD,DRAVP,14,1,AVP
DRAVPe01822,KFFRKKSVKK,DRAVP,10,1,AVP
DRAVPe01865,CGGGGGSLTEINTELLDLEYEMKKLEEVVKKLEESYIDLKEL,DRAVP,42,1,AVP
DRAVPe01840,GKRKSFCA,DRAVP,8,1,AVP
DRAVPe01838,GKRKSGAA,DRAVP,8,1,AVP
DRAVPe01897,WPFCLLLMAL,DRAVP,10,1,AVP
DRAVPe01896,HGLLYFAIFFVAAWHIRGR,DRAVP,19,1,AVP
DRAVPe01895,GLLYFAIFFVAAWHIRGR,DRAVP,18,1,AVP
DRAVPe01894,SVALVPHVGMGLETRTETWMSSEGAWKHVQRIETWILRHPG,DRAVP,41,1,AVP
DRAVPe01890,NKGCATCSIGAACLVDGPIPDFEIAGATGLFGLWG,DRAVP,35,1,AVP
DRAVPe01936,GREERRQRRRC,DRAVP,11,1,AVP
DRAVPe01935,GRKKRRQRRRC,DRAVP,11,1,AVP
DRAVPe01934,LNLFKKTINGLISDSLVIR,DRAVP,19,1,AVP
DRAVPe01930,KNNMINNDLG,DRAVP,10,1,AVP
DRAVPe01926,LLVEGT,DRAVP,6,1,AVP
DRAVPe01922,GDPPY,DRAVP,5,1,AVP
DRAVPe01918,TLLFLKVPA,DRAVP,9,1,AVP
DRAVPe01914,TLLFLKVP,DRAVP,8,1,AVP
DRAVPe01913,IGVTVIKNNMI,DRAVP,11,1,AVP
DRAVPe01912,IGVTVI,DRAVP,6,1,AVP
DRAVPe01911,MFNMLSTVLG,DRAVP,10,1,AVP
DRAVPe01910,KIRPLLVEGT,DRAVP,10,1,AVP
DRAVPe01908,FNESTRKKIE,DRAVP,10,1,AVP
DRAVPe01907,FNESTR,DRAVP,6,1,AVP
DRAVPe01904,AQNAISTTFPYT,DRAVP,12,1,AVP
DRAVPe01901,MDVNP,DRAVP,5,1,AVP
DRAVPe01957,ALWKTLLKKVLKAAAK,DRAVP,16,1,AVP
DRAVPe01951,DHVTPDIAYNP,DRAVP,11,1,AVP
DRAVPe01950,DHVTPDIAYNPWAYF,DRAVP,15,1,AVP
DRAVPe01949,DHVTPDIAYNPRTYM,DRAVP,15,1,AVP
DRAVPe01948,MGRFKRFRKKFKKLFKKLS,DRAVP,19,1,AVP
DRAVPe01947,RRRQRRKKRGYGFVNLLFLVVE,DRAVP,22,1,AVP
DRAVPe01946,MVALGDTAWDFGSVGGVLTSIGKGIHQVFGSAFKSL,DRAVP,36,1,AVP
DRAVPe01945,SWLVNRDWFHDLNLPWTGSSAGTWQ,DRAVP,25,1,AVP
DRAVPe01939,LGNVNNSISNALDKLEESNSKLDKVNVKLTGTSAL,DRAVP,35,1,AVP
DRAVPe01937,NDSRGIDAEEELETKAELVITKLKTPLMRGKVVVGAAGA,DRAVP,39,1,AVP
DRAVPe01976,HSLIEESQNQQEKNEQELLELDKWASLWNWFNITNW,DRAVP,36,1,AVP
DRAVPe01975,REINNYTSLIHSLIEESQNQQEKNEQELLELDKWAS,DRAVP,36,1,AVP
DRAVPe01974,WMEWDREINNYTSLIHSLIEESQNQQEKNEQELLEL,DRAVP,36,1,AVP
DRAVPe01973,WNHTTWMEWDREINNYTSLIHSLIEESQNQQEKNEQ,DRAVP,36,1,AVP
DRAVPe01972,AAKAWKKAKAWKKAKWWKKAA,DRAVP,21,1,AVP
DRAVPe01971,KYAKKAAKYAKKAAKYAKKAA,DRAVP,21,1,AVP
DRAVPe01970,KAAKKAAKWAKKAAKWAKKAA,DRAVP,21,1,AVP
DRAVPe01969,ARRARRRARRAARRARRWARR,DRAVP,21,1,AVP
DRAVPe01968,ARRARRRARRAARRARRGARR,DRAVP,21,1,AVP
DRAVPe01967,AKKAKKKAKKAAKKIKKKAKK,DRAVP,21,1,AVP
DRAVPe01966,AKKAAKKAKKAAKKIEKAAKK,DRAVP,21,1,AVP
DRAVPe01964,GFIFHIIKGLFHAGKMIHGLV,DRAVP,21,1,AVP
DRAVPe01800,FINGRWDSQCHRFSNGAIACA,DRAVP,21,1,AVP
DRAVPe01801,IPLRGAFINGRWDSQCHRFS,DRAVP,20,1,AVP
DRAVPe01802,RGAHIKGRWKSRCHRF,DRAVP,16,1,AVP
DRAVPe01804,RGAHIKGRWDSRCHRF,DRAVP,16,1,AVP
DRAVPe01803,RGAHINGRWDSRCHRF,DRAVP,16,1,AVP
DRAVPe01807,KRRGGGKLLKLLLKLLLKLLKC,DRAVP,22,1,AVP
DRAVPe01808,MITHGCYTRTRHKHKLKKTL,DRAVP,20,1,AVP
DRAVPe01986,SRDKHEEHEKENDRGQ,DRAVP,16,1,AVP
DRAVPe01985,IYALLENAEDYNLVN,DRAVP,15,1,AVP
DRAVPe01984,IDENARSYIDKFQHDAEEMWYQ,DRAVP,22,1,AVP
DRAVPe01983,DKFNHEAEDLFYQSSLASWNYNT,DRAVP,23,1,AVP
DRAVPe01982,QDKHEEDYQMYNKGDKED,DRAVP,18,1,AVP
DRAVPe01979,FYTTTGIGYQPY,DRAVP,12,1,AVP
DRAVPe01978,GFLYVYKGYQPI,DRAVP,12,1,AVP
DRAVPe01810,GFGCPFNQGKCHRHCRSIRRRGGYCDGFLKQRCVCYRK,DRAVP,38,1,AVP
DRAVPe01770,LQTALYALMEEIHIAALEKTWTALRHQYT,DRAVP,29,1,AVP
DRAVPe01771,RFDGKGLGIYQYMEEIEHAASRFAYFFYQHLA,DRAVP,32,1,AVP
DRAVPe01772,SALEEQYKTFLDKFLHELEDLLYQLALAL,DRAVP,29,1,AVP
DRAVPe01773,SALEEQLKTFLDKFMHELEDLLYQLAL,DRAVP,27,1,AVP
DRAVPe01774,SALEEQYKTFLDKFMHELEDLLYQLSL,DRAVP,27,1,AVP
DRAVPe01708,RGVISLTPLLVCVAALLL,DRAVP,18,1,AVP
DRAVPe01710,VISLTPLLVCVAALLLLE,DRAVP,18,1,AVP
DRAVPe01709,GVISLTPLLVCVAALLLL,DRAVP,18,1,AVP
DRAVPe01711,ISLTPLLVCVAALLLLEQ,DRAVP,18,1,AVP
DRAVPe01712,GPNFAEISKINTTLLDLSDEMAMLLQEVVKQLNDSYI,DRAVP,37,1,AVP
DRAVPe01713,EISKINTTLLDLSDEMAMLLQEVVKQLNDSYIDLKEL,DRAVP,37,1,AVP
DRAVPe01715,GGGSLTQINTTLLDLTYEMLSLQQVVKALNESYIDLKEL,DRAVP,39,1,AVP
DRAVPe01714,LDLSDEMAMLLQEVVKQLNDSYIDLKELGNYTYYNKW,DRAVP,37,1,AVP
DRAVPe01717,SIGGVFNSIGRAVHQVFGGAFRTL,DRAVP,24,1,AVP
DRAVPe01720,AWDFGSIGGVFNSIGRAVHQVF,DRAVP,22,1,AVP
DRAVPe01719,AWDFGSIGGVFNSIGRAVHQVFGGAFRTL,DRAVP,29,1,AVP
DRAVPe01784,SKVNGASGRMEFFWTILK,DRAVP,18,1,AVP
DRAVPe01783,SKVAGQSGRMEFFWTILK,DRAVP,18,1,AVP
DRAVPe01782,SKANGQSGRMEFFWTILK,DRAVP,18,1,AVP
DRAVPe01781,SAVNGQSGRMEFFWTILK,DRAVP,18,1,AVP
DRAVPe01780,AKVNGQSGRMEFFWTILK,DRAVP,18,1,AVP
DRAVPe01775,SALEEQYKTFLDKFMHELEDLLYQLAL,DRAVP,27,1,AVP
AVP0198,LLGRMKG,AVPdb,7,1,AVP
AVP0332,DEVVCC,AVPdb,6,1,AVP
AVP0564,CDVIALL,AVPdb,7,1,AVP
AVP0837,RRKKAAV,AVPdb,7,1,AVP
AVP0838,RRKKAA,AVPdb,6,1,AVP
AVP0850,RRKKLAP,AVPdb,7,1,AVP
AVP0851,RRKKAP,AVPdb,6,1,AVP
AVP1044,MEHFPGP,AVPdb,7,1,AVP
AVP1047,PRPGP,AVPdb,5,1,AVP
AVP1203,CGYKRC,AVPdb,6,1,AVP
AVP1204,CGKRRC,AVPdb,6,1,AVP
AVP1207,AGKRKSG,AVPdb,7,1,AVP
AVP1237,KYKETDL,AVPdb,7,1,AVP
AVP1357,LGRMKG,AVPdb,6,1,AVP
AVP1363,SLLGRMK,AVPdb,7,1,AVP
AVP1520,TSYHRSA,AVPdb,7,1,AVP
AVP1524,STLPLPP,AVPdb,7,1,AVP
AVP1602,NAHCALL,AVPdb,7,1,AVP
AVP1822,YKYRYL,AVPdb,6,1,AVP
AVP1856,NDFRSKT,AVPdb,7,1,AVP
AVP2013,LLRVKR,AVPdb,6,1,AVP
AVP2015,RRRRR,AVPdb,5,1,AVP
AVP2017,RRRRRRR,AVPdb,7,1,AVP
ACoVP100145,STSQKSIVAYTM,ACovPepDB,12,1,AVP
ACoVP100146,YHTVSLLRSTSQ,ACovPepDB,12,1,AVP
ACoVP100147,SLLRSTSQKSIV,ACovPepDB,12,1,AVP
ACoVP100148,KSIVAYTMSLGA,ACovPepDB,12,1,AVP
ACoVP100284,LDLTYEMLSLQVVKLNESY,ACovPepDB,19,1,AVP
ACoVP100285,LDLTYEMLSLQQVVALNSY,ACovPepDB,19,1,AVP
ACoVP100286,LDLTYEMLSLQQVVKLNEY,ACovPepDB,19,1,AVP
ACoVP100295,LDLTYEMLSLQVVKLNESF,ACovPepDB,19,1,AVP
ACoVP100368,AVLQSGFR,ACovPepDB,8,1,AVP
ACoVP100242,ISGINASVVNIQKEIDRLNEVAKNLNESLIDLQELGKYEQYIKWPW,ACovPepDB,46,1,AVP
ACoVP100389,GDISGINASVVNIQKEIDRLNEVAKNLNESLIDLQELGKYEQYI,ACovPepDB,44,1,AVP
ACoVP100390,ISGINASVVNIQKEIDRLNEVAKNLNESLIDLQELG,ACovPepDB,36,1,AVP
ACoVP100393,KYEQYIKWPWYVWLGF,ACovPepDB,16,1,AVP
ACoVP100277,DLTEMLSLQQVVKALNESY,ACovPepDB,19,1,AVP
ACoVP100278,LLTYMLSLQQVVKALNESY,ACovPepDB,19,1,AVP
ACoVP100279,LDLYEMSLQQVVKALNESY,ACovPepDB,19,1,AVP
ACoVP100280,LDLTEMLLQQVVKALNESY,ACovPepDB,19,1,AVP
ACoVP100281,LDLTYEMSLQVVKALNESY,ACovPepDB,19,1,AVP
ACoVP100282,LDLTYEMLLQQVKALNESY,ACovPepDB,19,1,AVP
ACoVP100283,LDLTYEMLSLQVVALNESY,ACovPepDB,19,1,AVP
ACoVP100407,IEEIVKKIHHIERAIEAQQKLLQLTVWGIKQLQARIL,ACovPepDB,37,1,AVP
ACoVP100429,IEEQAKTFLDKFNHEAEDLFYQSSLASWNYNTNIT,ACovPepDB,35,1,AVP
ACoVP100430,IEEQAKTFLDKFNHEKEDLEYQSSLASWNYNTNIT,ACovPepDB,35,1,AVP
ACoVP100431,IEEQAKTFLDKKNHEEEDLFYQSSLASWNYNTNIT,ACovPepDB,35,1,AVP
ACoVP100432,IEEQAKTKLDKENHEAEDLFYQSSLASWNYNTNIT,ACovPepDB,35,1,AVP
ACoVP100437,YGRKKRRQRRRGSGYGGASVCIYCRSRVEHPDVDGLCKLRGKF,ACovPepDB,43,1,AVP
ACoVP100402,DISGINASVVNIQKEIDRLNEVAKNLNESLIELQEL,ACovPepDB,36,1,AVP
ACoVP100403,DISGINASVVNIQKEIDRLNEVAKNLNESLIGLQEL,ACovPepDB,36,1,AVP
ACoVP100404,DISGINASVENIQKEIDRLNEVAKNLNESLIDLQEL,ACovPepDB,36,1,AVP
ACoVP100518,PSSKRFQPFQQFGRDVSDFTDSVRDPKTSE,ACovPepDB,30,1,AVP
ACoVP100141,SIPNFGSLTQINTTLLDLTYEMLSLQQVVKALNESYIDLKELGNY,ACovPepDB,45,1,AVP
HIP213,TMTPPPTSVRGT,HIPdb,12,1,AVP
HIP216,WHSQRLSPVPPA,HIPdb,12,1,AVP
HIP483,LNNCLLLGTEVSEALGGA,HIPdb,18,1,AVP
HIP476,LGTEVSEALGGAGLTGGF,HIPdb,18,1,AVP
HIP511,PLNNCLLLGTEVSEALGG,HIPdb,18,1,AVP
HIP498,NNCLLLGTEVSEALGGAG,HIPdb,18,1,AVP
HIP495,NCLLLGTEVSEALGGAGL,HIPdb,18,1,AVP
HIP481,LLLGTEVSEALGGAGLTG,HIPdb,18,1,AVP
HIP479,LLGTEVSEALGGAGLTGG,HIPdb,18,1,AVP
HIP457,GSASCTIAALGSSDRDTV,HIPdb,18,1,AVP
HIP644,LEAIPCSIPPEFLFGKPFVF,HIPdb,20,1,AVP
HIP416,CLLLGTEVSEALGGAGLT,HIPdb,18,1,AVP
HIP719,VPPLNNCLLLGTEVSEALGG,HIPdb,20,1,AVP
HIP440,FHRCGAGPKLTKDLEAVP,HIPdb,18,1,AVP
HIP754,PLNNCLLLGTEVSEALGGAGLTGG,HIPdb,24,1,AVP
HIP957,APKEWMAWAREIAAYAKLIAALIKQGI,HIPdb,27,1,AVP
HIP769,WMEWDREINNYTSLIHSLIEESQNQQEK,HIPdb,28,1,AVP
HIP533,TEVSEALGGAGLTGGFYE,HIPdb,18,1,AVP
HIP548,CLLLGTEVSEALGGAGLTG,HIPdb,19,1,AVP
HIP554,LLLGTEVSEALGGAGLTGG,HIPdb,19,1,AVP
HIP556,NNCLLLGTEVSEALGGAGL,HIPdb,19,1,AVP
HIP555,NCLLLGTEVSEALGGAGLT,HIPdb,19,1,AVP
HIP765,QHLLQLTVWGIKQLQARILAVERYLKDQ,HIPdb,28,1,AVP
HIP564,CLLLGTEVSEALGGAGLTGG,HIPdb,20,1,AVP
HIP673,NNCLLLGTEVSEALGGAGLT,HIPdb,20,1,AVP
HIP683,PLNNCLLLGTEVSEALGGAG,HIPdb,20,1,AVP
HIP775,QIWNNMTWMEWDREINNYTSLIHSLIEESQNQ,HIPdb,32,1,AVP
HIP739,NCLLLGTEVSEALGGAGLTGG,HIPdb,21,1,AVP
HIP744,NNCLLLGTEVSEALGGAGLTGG,HIPdb,22,1,AVP
HIP956,APKEWMAWAREIAAYAKLIAALI,HIPdb,23,1,AVP
HIP747,LNNCLLLGTEVSEALGGAGLTGG,HIPdb,23,1,AVP
HIP799,WEEWDKKIEEYTKKIEELIKKSEEQQKKNEEELKK,HIPdb,35,1,AVP
HIP802,WMEWDREINNYTSLIHSLIEESQNQQEKNEQELLE,HIPdb,35,1,AVP
HIP801,WMEWDREINNYTSLIGSLIEESQNQQEKNEQELLE,HIPdb,35,1,AVP
HIP793,INNYTSLIHSLIEESQNQQEKNEQELLELDKWASL,HIPdb,35,1,AVP
HIP766,RQLLSQIVQQQNNLLRAIEAQQHLLQLT,HIPdb,28,1,AVP
HIP768,VWGIKQLQARILAVERYLKDQQLLGIWG,HIPdb,28,1,AVP
HIP763,MTLTVQARQLLSQIVQQQNNLLRAIEAQ,HIPdb,28,1,AVP
HIP764,QARQLLSQIVQQQNNLLRAIEAQQHLLQ,HIPdb,28,1,AVP
HIP762,INNYTSLIHSLIEESQNQQEKNEQELLE,HIPdb,28,1,AVP
HIP761,INNYTSLIGSLIEESQNQQEKNEQELLE,HIPdb,28,1,AVP
HIP767,VQQQNNLLRAIEAQQHLLQLTVWGIKQL,HIPdb,28,1,AVP
HIP774,NNYTSLIHSLIEESQNQQEKNEQELLELDK,HIPdb,30,1,AVP
HIP772,EWDREINNYTSLIHSLIEESQNQQEKNEQE,HIPdb,30,1,AVP
HIP780,SGIVQQQNNLLRAIEAQQHLLQLTVWGIKQLQAR,HIPdb,34,1,AVP
HIP779,SGIVQQQNNLLRAIEAQQHLLQLTVWGIKQCCGR,HIPdb,34,1,AVP
HIP872,YTSLIHSLIEESQNQQEKNEQELLELDKWASLANWF,HIPdb,36,1,AVP
HIP883,YTSLIHSLIEESQNQQEKNEQQLLELDKWASLWNWF,HIPdb,36,1,AVP
HIP886,YTSLIHSLIEESQQQQEKNEQELLELDKWASLWNWF,HIPdb,36,1,AVP
HIP867,YTSLIHSLIEESQNLQEKNEQELLELDKWASLWNWF,HIPdb,36,1,AVP
HIP895,YTSLIQSLIEESQNQQEKNEQQLLELDKWASLWNWF,HIPdb,36,1,AVP
HIP797,TWQEWERKVDFLEENITALLEEAQIQQEKNMYELQ,HIPdb,35,1,AVP
HIP891,YTSLIHSLIEQSQNQQEKNEQELLELDKWASLWNWF,HIPdb,36,1,AVP
HIP825,MEWDREINNYTSLIHSLIEESQNQQEKNEQELLELD,HIPdb,36,1,AVP
HIP868,YTSLIHSLIEESQNQQEKLEQELLELDKWASLWNWF,HIPdb,36,1,AVP
HIP874,YTSLIHSLIEESQNQQEKNEQELLELDKWASLWNAF,HIPdb,36,1,AVP
HIP813,EWDREINNYTSLIHSLIEESQNQQEKNEQELLELDK,HIPdb,36,1,AVP
HIP844,TWMEWDREINNYTSLIHSLIEESQNQQEKNEQELLE,HIPdb,36,1,AVP
HIP811,EQIWNNMTWMEWDREINNYTSLIHSLIEESQNQQEK,HIPdb,36,1,AVP
HIP873,YTSLIHSLIEESQNQQEKNEQELLELDKWASLFNFF,HIPdb,36,1,AVP
HIP869,YTSLIHSLIEESQNQQEKNEQELLEFDKWASLWNWF,HIPdb,36,1,AVP
HIP852,WNNMTWMEWDREINNYTSLIHSLIEESQNQQEKNEQ,HIPdb,36,1,AVP
HIP870,YTSLIHSLIEESQNQQEKNEQELLELDKPASLWNWF,HIPdb,36,1,AVP
HIP829,NMTWMEWDREINNYTSLIHSLIEESQNQQEKNEQEL,HIPdb,36,1,AVP
HIP840,SLIHSLIEESQNQQEKNEQELLELDKWASLWNWFNI,HIPdb,36,1,AVP
HIP882,YTSLIHSLIEESQNQQEKNEQELLQLDKWASLWNWF,HIPdb,36,1,AVP
HIP823,LIHSLIEESQNQQEKNEQELLELDKWASLWNWFNIT,HIPdb,36,1,AVP
HIP880,YTSLIHSLIEESQNQQEKNEQELLELDKWASPWNWF,HIPdb,36,1,AVP
HIP833,NYTSLIHSLIEESQNQQEKNEQELLELDKWASLWNW,HIPdb,36,1,AVP
HIP835,QNQQEKNEQELLELDKWASLWNWFNITNWLWLIKIF,HIPdb,36,1,AVP
HIP843,TSLIHSLIEESQNQQEKNEQELLELDKWASLWNWFN,HIPdb,36,1,AVP
HIP892,YTSLIHSLIQESQNQQEKNEQELLELDKWASLWNWF,HIPdb,36,1,AVP
HIP881,YTSLIHSLIEESQNQQEKNEQELLELNKWASLWNWF,HIPdb,36,1,AVP
HIP871,YTSLIHSLIEESQNQQEKNEQELLELDKWASLANAA,HIPdb,36,1,AVP
HIP885,YTSLIHSLIEESQNQQEKNQQELLQLDKWASLWNWF,HIPdb,36,1,AVP
HIP830,NNMTWMEWDREINNYTSLIHSLIEESQNQQEKNEQE,HIPdb,36,1,AVP
HIP875,YTSLIHSLIEESQNQQEKNEQELLELDKWASLWNSF,HIPdb,36,1,AVP
HIP845,WDREINNYTSLIHSLIEESQNQQEKNEQELLELDKW,HIPdb,36,1,AVP
HIP804,DREINNYTSLIHSLIEESQNQQEKNEQELLELDKWA,HIPdb,36,1,AVP
HIP831,NNYTSLIHSLIEESQNQQEKNEQELLELDKWASLWN,HIPdb,36,1,AVP
HIP817,IHSLIEESQNQQEKNEQELLELDKWASLWNWFNITN,HIPdb,36,1,AVP
HIP822,LIEESQNQQEKNEQELLELDKWASLWNWFNITNWLW,HIPdb,36,1,AVP
HIP821,LEQIWNNMTWMEWDREINNYTSLIHSLIEESQNQQE,HIPdb,36,1,AVP
HIP820,KSLEQIWNNMTWMEWDREINNYTSLIHSLIEESQNQ,HIPdb,36,1,AVP
HIP818,INNYTSLIHSLIEESQNQQEKNEQELLELDKWASLW,HIPdb,36,1,AVP
HIP810,EINNYTSLIHSLIEESQNQQEKNEQELLELDKWASL,HIPdb,36,1,AVP
HIP838,SLEQIWNNMTWMEWDREINNYTSLIHSLIEESQNQQ,HIPdb,36,1,AVP
HIP819,IWNNMTWMEWDREINNYTSLIHSLIEESQNQQEKNE,HIPdb,36,1,AVP
HIP816,IEESQNQQEKNEQELLELDKWASLWNWFNITNWLWL,HIPdb,36,1,AVP
HIP908,NNLLRAIEAQQHLLQLTVWGIKQLQARILAVERYLKDQ,HIPdb,38,1,AVP
HIP841,SQNQQEKNEQELLELDKWASLWNWFNITNWLWLIKI,HIPdb,36,1,AVP
HIP812,ESQNQQEKNEQELLELDKWASLWNWFNITNWLWLIK,HIPdb,36,1,AVP
HIP808,EESQNQQEKNEQELLELDKWASLWNWFNITNWLWLI,HIPdb,36,1,AVP
HIP928,NHTTWMEWDREINNYTSLIHSLIEESQNQQEKNEQELLELDKW,HIPdb,43,1,AVP
HIP900,WMEWDREIEALAKAAEALAKAAEALAKAAWASLWNWF,HIPdb,37,1,AVP
HIP925,TTWMEWDREINNYTSLIHSLIEESQNQQEKNEQELLEL,HIPdb,38,1,AVP
HIP923,TTWEAWDRAIAEYAARIEALLRALQEQQEKNEAALREL,HIPdb,38,1,AVP
HIP66,HCKFWQ,HIPdb,6,1,AVP
HIP57,HCKFWL,HIPdb,6,1,AVP
HIP934,WMEWDREINNYTSLIHSLIEESQNQQEKNEQELLELDKWASLWNWF,HIPdb,46,1,AVP
HIP936,SGIVQQQNNLLRAIEAQQHLLQLTVWGIKQCCGRISGIVQQQNNLLRA,HIPdb,48,1,AVP
HIP43,HCKFWD,HIPdb,6,1,AVP
HIP111,FHGHGLY,HIPdb,7,1,AVP
HIP107,VPTGYKP,HIPdb,7,1,AVP
HIP72,HCKFWT,HIPdb,6,1,AVP
HIP83,NPRLYE,HIPdb,6,1,AVP
HIP103,STFTHPR,HIPdb,7,1,AVP
HIP96,NSHAIYP,HIPdb,7,1,AVP
HIP274,AIFQSSMTKILEPFR,HIPdb,15,1,AVP
HIP359,SSMTKILEPFRKQNP,HIPdb,15,1,AVP
HIP319,KILEPFRKQNPDIVI,HIPdb,15,1,AVP
HIP336,PFRKQNPDIVIYQYM,HIPdb,15,1,AVP
HIP322,KVYLAWVPAHKGIGG,HIPdb,15,1,AVP
HIP311,IVIYQYMDDLYVGSD,HIPdb,15,1,AVP
HIP347,QYMDDLYVGSDLEIG,HIPdb,15,1,AVP
HIP373,VSQIIEQLIKKEKVY,HIPdb,15,1,AVP
HIP302,IEQLIKKEKVYLAWV,HIPdb,15,1,AVP
HIP304,IKKEKVYLAWVPAHK,HIPdb,15,1,AVP
HIP726,VTVLDVGDAYFSVPLDEDFR,HIPdb,20,1,AVP
HIP629,KYTAFTIPSINNETPGIRYQ,HIPdb,20,1,AVP
HIP675,NREILKEPVHGVYYDPSKDL,HIPdb,20,1,AVP
HIP971,VESMNKELPKIIGQVRDQAEHLKTAY,HIPdb,26,1,AVP
HIP771,SQGVVESMNKELKKIIGQVRDQAEHLKTA,HIPdb,29,1,AVP
HIP713,TPDKKHQKEPPFLWMGYELH,HIPdb,20,1,AVP
HIP682,PFLWMGYELHPDKWTVQPIV,HIPdb,20,1,AVP
HIP990,PAATLEEHMTA,HIPdb,11,1,AVP
HIP981,AAANPGLLETSEGCRQIL,HIPdb,18,1,AVP
HIP978,FAVNPGLLETSEGCRQIL,HIPdb,18,1,AVP
HIP994,ALGPAAAAAEMMTACQGV,HIPdb,18,1,AVP
HIP718,VPAHKGIGGNEQVDKLVSAG,HIPdb,20,1,AVP
HIP612,IRKVLFLDGIDKAQDEHEKY,HIPdb,20,1,AVP
HIP988,AATLEEMMTACQGVGGPGHKARVLA,HIPdb,25,1,AVP
HIP970,SQGVVESMNKELPKIIGQVRDQAEHLKTAY,HIPdb,30,1,AVP
HIP980,LLETSEG,HIPdb,7,1,AVP
HIP991,ATLEEMM,HIPdb,7,1,AVP
HIP979,NPGLLETSEGCRQ,HIPdb,13,1,AVP
HIP993,ALGAAATLEEMMTACQGV,HIPdb,18,1,AVP
HIP996,ALGPAATLEEMMAAAQGV,HIPdb,18,1,AVP
HIP976,WASRELERFAVNPGLLETSEGCRQIL,HIPdb,26,1,AVP
HIP86,TVSYEL,HIPdb,6,1,AVP
HIP33,GEDLAF,HIPdb,6,1,AVP
HIP80,IISYEL,HIPdb,6,1,AVP
HIP383,LGDARLVITTYWGLHT,HIPdb,16,1,AVP
HIP945,WEEWDKKIEEYTKKIEELIKKSEEQQKN,HIPdb,28,1,AVP
HIP1074,TISYDL,HIPdb,6,1,AVP
HIP1079,TVTYDC,HIPdb,6,1,AVP
HIP1068,AEAMSQV,HIPdb,7,1,AVP
HIP310,ISSEVHIPLGDARLV,HIPdb,15,1,AVP
HIP377,YVSGKARGWFYRHHY,HIPdb,15,1,AVP
HIP281,DWHLGQGVSIEWRKK,HIPdb,15,1,AVP
HIP349,RHHYESPHPRISSEV,HIPdb,15,1,AVP
HIP380,ITTYWGLHTGERDWHL,HIPdb,16,1,AVP
HIP999,TEYWQATWIPEWE,HIPdb,13,1,AVP
HIP188,QQRRARNGASRS,HIPdb,12,1,AVP
HIP286,EPYNEWTLELLEELK,HIPdb,15,1,AVP
HIP616,KELKKIIGQVRDQAEHLKTA,HIPdb,20,1,AVP
HIP283,EAVRHFPRIWLHSLG,HIPdb,15,1,AVP
HIP592,GAPASVLGSRPFDYGLKWQS,HIPdb,20,1,AVP
HIP563,CGTCVRDCWPETGSVRFPFH,HIPdb,20,1,AVP
HIP575,DLEAVPFVNRTTPFTIRGPL,HIPdb,20,1,AVP
HIP716,TTPFTIRGPLGNQGRGNPVR,HIPdb,20,1,AVP
HIP599,GNQGRGNPVRSPLGFGSYTM,HIPdb,20,1,AVP
HIP701,SPLGFGSYTMTKIRDSLHLV,HIPdb,20,1,AVP
HIP711,TKIRDSLHLVKCPTPAIEPP,HIPdb,20,1,AVP
HIP696,RNPVCPGYAWLSSGRPDGFI,HIPdb,20,1,AVP
HIP603,GSRIPTGERVWDRGNVTLLC,HIPdb,20,1,AVP
HIP676,NVTLLCDCPNGPWVWVPAFC,HIPdb,20,1,AVP
HIP724,VSVTCVWGSVSWFASTGGRD,HIPdb,20,1,AVP
HIP702,SWFASTGGRDSKIDVWSLVP,HIPdb,20,1,AVP
HIP699,SKIDVWSLVPVGSASCTIAA,HIPdb,20,1,AVP
HIP717,VGSASCTIAALGSSDRDTVV,HIPdb,20,1,AVP
HIP665,LGSSDRDTVVELSEWGVPCV,HIPdb,20,1,AVP
HIP580,ELSEWGVPCVTCILDRRPAS,HIPdb,20,1,AVP
HIP704,TCILDRRPASCGTCVRDCWP,HIPdb,20,1,AVP
HIP585,ETGSVRFPFHRCGTGPRLTK,HIPdb,20,1,AVP
HIP691,RCGTGPRLTKDLEAVPFVNR,HIPdb,20,1,AVP
HIP681,PFDYGLKWQSCSCRANGSRI,HIPdb,20,1,AVP
HIP614,KCPTPAIEPPTGTFGFFPGV,HIPdb,20,1,AVP
HIP708,TGTFGFFPGVPPINNCMPLG,HIPdb,20,1,AVP
HIP685,PPINNCMPLGTEVSEALGGA,HIPdb,20,1,AVP
HIP707,TEVSEALGGAGLTGGFYEPL,HIPdb,20,1,AVP
HIP598,GLTGGFYEPLVRRCSELMGR,HIPdb,20,1,AVP
HIP566,CSCRANGSRIPTGERVWDRG,HIPdb,20,1,AVP
HIP723,VRRCSELMGRRNPVCPGYAW,HIPdb,20,1,AVP
HIP669,LSSGRPDGFIHVQGHLQEVD,HIPdb,20,1,AVP
HIP565,CRANGSRIPTGERVWDRGNV,HIPdb,20,1,AVP
HIP560,ANGSRIPTGERVWDRGNVTL,HIPdb,20,1,AVP
HIP687,QAVGWGDPITHWSHGQNQWP,HIPdb,20,1,AVP
HIP608,HWSHGQNQWPLSCPQYVYGS,HIPdb,20,1,AVP
HIP668,LSCPQYVYGSVSVTCVWGSV,HIPdb,20,1,AVP
HIP693,RGNVTLLCDCPNGPWVWVPA,HIPdb,20,1,AVP
HIP963,CTRPNNNTRKSIRIQRGPGRAFVTIGKIGNMRQAHC,HIPdb,36,1,AVP
CAMPSQ23846,IINNPITCMTNGAICWGPCPTAFRQIGNCGHFKVRCCKIR,CAMP,40,1,AVP
CAMPSQ11340,GGGYSKGGKGGGKGGKGGGKGGKGGGKGGKGGGKGGKGGGKGGKG,CAMP,45,1,AVP
CAMPSQ21722,RMKQIEDKIEEIESKPKKIENEIARIKKLLQLTVWGPKQLQARIL,CAMP,45,1,AVP
CAMPSQ11867,GRHIYIYVPDPDVAFVPLGMTDYLVIVEDDDSAIIPCRTT,CAMP,40,1,AVP
CAMPSQ11784,WRWWWW,CAMP,6,1,AVP
CAMPSQ12361,GRLVFQ,CAMP,6,1,AVP
CAMPSQ23901,EVLDLV,CAMP,6,1,AVP
CAMPSQ12362,GRLVFQT,CAMP,7,1,AVP
CAMPSQ21265,ELLVDLL,CAMP,7,1,AVP
CAMPSQ15118,SELFP,CAMP,5,1,AVP
CAMPSQ23902,EVLDL,CAMP,5,1,AVP
CAMPSQ23905,EVLLD,CAMP,5,1,AVP
CAMPSQ23906,EDVLL,CAMP,5,1,AVP
CAMPSQ21417,MENRWQVM,CAMP,8,1,AVP
CAMPSQ21428,YVSGKARG,CAMP,8,1,AVP
CAMPSQ14393,LFNELMLWL,CAMP,9,1,AVP
CAMPSQ14394,NKLVYTGRL,CAMP,9,1,AVP
CAMPSQ23900,EVLADLV,CAMP,7,1,AVP
CAMPSQ12087,CGWIYWNV,CAMP,8,1,AVP
CAMPSQ21476,AEAASQVTN,CAMP,9,1,AVP
CAMPSQ14392,DYKDDDDK,CAMP,8,1,AVP
CAMPSQ24038,WDFGSLGGV,CAMP,9,1,AVP
CAMPSQ24474,WRRRRRRRG,CAMP,9,1,AVP
CAMPSQ21433,PLGDARLV,CAMP,8,1,AVP
CAMPSQ21434,DWHLGQGV,CAMP,8,1,AVP
CAMPSQ8172,GILDALTGIL,CAMP,10,1,AVP
CAMPSQ15115,LDAPPSYSE,CAMP,9,1,AVP
CAMPSQ20197,CGGWHRLRC,CAMP,9,1,AVP
CAMPSQ20200,CGGWKRKRC,CAMP,9,1,AVP
CAMPSQ21431,ISSEVHIPL,CAMP,9,1,AVP
CAMPSQ24473,WRRRRRRRRG,CAMP,10,1,AVP
CAMPSQ21478,AEAMSQVAN,CAMP,9,1,AVP
CAMPSQ12313,YGRKKRRQRRR,CAMP,11,1,AVP
CAMPSQ14395,KCLARIQERCK,CAMP,11,1,AVP
CAMPSQ14396,MCLSFDSNYCR,CAMP,11,1,AVP
CAMPSQ15121,TAPPPAYATLG,CAMP,11,1,AVP
CAMPSQ15122,TGLPSYDEALH,CAMP,11,1,AVP
CAMPSQ24477,RRRRKKKKG,CAMP,9,1,AVP
CAMPSQ2450,FKAIWSGIKSLF,CAMP,12,1,AVP
CAMPSQ9618,IAKTALKVLPQL,CAMP,12,1,AVP
CAMPSQ11658,LHWDFQSWVPLL,CAMP,12,1,AVP
CAMPSQ12137,HTKQIPRHIYSA,CAMP,12,1,AVP
CAMPSQ12138,VSRHQSWHPHDL,CAMP,12,1,AVP
CAMPSQ15124,ILPTAPPEYME,CAMP,11,1,AVP
CAMPSQ19724,VCSCRLVFCRR,CAMP,11,1,AVP
CAMPSQ21871,RSQKEGLHYTCS,CAMP,12,1,AVP
CAMPSQ24475,WRRRRRRRRRG,CAMP,11,1,AVP
CAMPSQ2708,GVSGHGQHGVHG,CAMP,12,1,AVP
CAMPSQ15113,LDAPPSYSELFP,CAMP,12,1,AVP
CAMPSQ15114,LDSLPSYSELFP,CAMP,12,1,AVP
CAMPSQ15116,LDAPPSYSSLFP,CAMP,12,1,AVP
CAMPSQ15117,LDAPPSYSELYG,CAMP,12,1,AVP
CAMPSQ15123,SDPQIPPPYVEP,CAMP,12,1,AVP
CAMPSQ9620,IWGALLSGVADLL,CAMP,13,1,AVP
CAMPSQ9623,LWHHIWNFVHHLI,CAMP,13,1,AVP
CAMPSQ9624,LWHHIWHFVHHLI,CAMP,13,1,AVP
CAMPSQ9853,KKKQKNGKKHQKK,CAMP,13,1,AVP
CAMPSQ14628,FLDKFNHNFKDLF,CAMP,13,1,AVP
CAMPSQ14629,YADKYQKQYKDAY,CAMP,13,1,AVP
CAMPSQ24476,WRRRRRRRRRRG,CAMP,12,1,AVP
CAMPSQ9617,QDYNHDRDIVPPR,CAMP,13,1,AVP
CAMPSQ23933,LKLFEVYLILWLA,CAMP,13,1,AVP
CAMPSQ8155,INWDILIDTIKDKL,CAMP,14,1,AVP
CAMPSQ15104,IPLRGAFINGRWD,CAMP,13,1,AVP
CAMPSQ15119,EYPPYPPPPYPSG,CAMP,13,1,AVP
CAMPSQ21419,RIRTWKSLVKHHM,CAMP,13,1,AVP
CAMPSQ21559,DCAWHLGELVWCT,CAMP,13,1,AVP
CAMPSQ24035,MVDRGWGNGCGLF,CAMP,13,1,AVP
CAMPSQ15120,ERPEAPPSYAEVVTE,CAMP,15,1,AVP
CAMPSQ15125,ILPTAPPEYMEAIYP,CAMP,15,1,AVP
CAMPSQ9616,GFLGNLWEGIKTAL,CAMP,14,1,AVP
CAMPSQ15105,FINGRWDSQCHRFS,CAMP,14,1,AVP
CAMPSQ8171,YIRDFITRRPPFGNI,CAMP,15,1,AVP
CAMPSQ12206,NKGAFKYIKPQSQFI,CAMP,15,1,AVP
CAMPSQ21874,EGLHYTCSSHFPYSQY,CAMP,16,1,AVP
CAMPSQ21718,LLQLTVWGIKQLQARIL,CAMP,17,1,AVP
CAMPSQ10448,SVGRKWRMKWAQMRQQ,CAMP,16,1,AVP
CAMPSQ15106,WDSQCHRFSNGAIACA,CAMP,16,1,AVP
CAMPSQ15111,RGAHIKGRWDSRCHRK,CAMP,16,1,AVP
CAMPSQ18954,ALWMTLLKKVLKAAAK,CAMP,16,1,AVP
CAMPSQ8823,CPIFTKIQGTCGGRRKK,CAMP,17,1,AVP
CAMPSQ9850,KKVLKVRKSQRSRQKKTT,CAMP,18,1,AVP
CAMPSQ11863,TVAAPSVFIFPPSDEQLK,CAMP,18,1,AVP
CAMPSQ23253,RGGCLCYCRRRFCVCVCR,CAMP,18,1,AVP
CAMPSQ9852,KKKQKNGKKHQKKKVLKVRK,CAMP,20,1,AVP
CAMPSQ9855,KKEKIGKKKRQKKRKAAQKRKN,CAMP,22,1,AVP
CAMPSQ21804,SGIVQQQNNLLRAIEAQQHLLQ,CAMP,22,1,AVP
CAMPSQ18955,LLKKVLKAAAKAALNAVLVGANA,CAMP,23,1,AVP
CAMPSQ21719,IEAQQHLLQLTVWGIKQLQARIL,CAMP,23,1,AVP
CAMPSQ10879,NPAGCRFCCGCCPNMIGCGVCCRF,CAMP,24,1,AVP
CAMPSQ10921,TRRKFWKKVLNGALKIAPFLLG,CAMP,22,1,AVP
CAMPSQ10878,QSHLSMCRYCCNCCRNNKGCGFCCKF,CAMP,26,1,AVP
CAMPSQ12312,CWGPCPTAFRQIGNCGRFRVRCCRIR,CAMP,26,1,AVP
CAMPSQ15103,IPLRGAFINGRWDSQCHRFSNGAIACA,CAMP,27,1,AVP
CAMPSQ9851,NGKKHQKKKVLKVRKSQRSRQKKTT,CAMP,25,1,AVP
CAMPSQ21805,RGGLSGIVQQQNNLLRAIEAQQHLLQ,CAMP,26,1,AVP
CAMPSQ21807,RQLLSGIDQEQNNLTRLIEAQIHELQK,CAMP,27,1,AVP
CAMPSQ21575,LEANIEELLKKAEEQQKKNEEELKKLEKC,CAMP,29,1,AVP
CAMPSQ24252,AWDFGSVGGVFTSVGKAVHQVFGGAFRSL,CAMP,29,1,AVP
CAMPSQ764,CGESCVFIPCITSVAGCSCKSKVCYRNGIP,CAMP,30,1,AVP
CAMPSQ21519,WMEWDREINNYTSLIHSLIEESQNQQEKN,CAMP,29,1,AVP
CAMPSQ4330,GIPCAESCVWIPCTVTAIVGCSCSDKVCYN,CAMP,30,1,AVP
CAMPSQ24245,CCFLRIQNDSIIALGDLQPLSQRVSTDWQ,CAMP,29,1,AVP
CAMPSQ9854,KGRREEKVGKKEKIGKKKRQKKRKAAQKRKN,CAMP,31,1,AVP
CAMPSQ11339,GGGYSKGGKGGGKGGKGGGKGGKGGGKGGKG,CAMP,31,1,AVP
CAMPSQ2478,RCICTTRTCRFPYRRLGTCIFQNRVYTFCC,CAMP,30,1,AVP
CAMPSQ9848,KKKQKNGKKHQKKKVLKVRKSQRSRQKKTT,CAMP,30,1,AVP
CAMPSQ11747,KFFRKLKKSVKKRAKEFFKKPRVIGVSIPF,CAMP,30,1,AVP
CAMPSQ10523,SGEWVMKDYRGWKHWVYYTCCPDTPYLDITYH,CAMP,32,1,AVP
CAMPSQ76,VVCACRRALCLPRERRAGFCRIRGRIHPLCCRR,CAMP,33,1,AVP
CAMPSQ10524,SGEWVIKESRGWKHWVFYACCPSTPYLDITYH,CAMP,32,1,AVP
CAMPSQ10525,SGEWVIKESRGWKHSVTYSCCPDTPYLDITYH,CAMP,32,1,AVP
CAMPSQ10094,MAVLGDTAWDFGSVGGALNSLGKGIHQIFGAAF,CAMP,33,1,AVP
CAMPSQ12311,YGRKKRRQRRRCWRPCPSFRQLCGRFRIRCRIR,CAMP,33,1,AVP
CAMPSQ10939,KKCPGRCTLKCGKHERPTLPYNCGKYICCVPVKVK,CAMP,35,1,AVP
CAMPSQ10077,GFGCPLDQMQCHNHCQSVRYRGGYCTNFLKMTCKCY,CAMP,36,1,AVP
CAMPSQ12285,YTSLIHSLIEESQNQQEKNDQELLELDKWASLWNWF,CAMP,36,1,AVP
CAMPSQ12310,YGRKKRRQRRRCWRPCPRAFRKRNCGRFRIRCCRIR,CAMP,36,1,AVP
CAMPSQ12309,YGRKKRRQRRRCWGPCPTAFRQIGNCGRFRVRCCRIR,CAMP,37,1,AVP
CAMPSQ14670,GTYDHDVYRDEALNNRFQIKGVELKSGYKDWGSGSGC,CAMP,37,1,AVP
CAMPSQ21514,TTWEAWDRAIAEYAARIEALIRAAQELQEKLEAALRE,CAMP,37,1,AVP
CAMPSQ24239,SWETWEREIENYTRQIYRILEESQEQQDRNERDLLE,CAMP,36,1,AVP
CAMPSQ15086,WNNMTWMEWDREINNYTSLIHSLIEESQNQQEKNEQELL,CAMP,39,1,AVP
CAMPSQ21558,DCAWHLGELVWCTMTWEEWDKKIEEYTKKIEELIKKS,CAMP,37,1,AVP
CAMPSQ12360,GRLVF,CAMP,5,1,AVP
CAMPSQ23904,KVLKL,CAMP,5,1,AVP
22846,LTINWQKYFNT,DBAASP,11,1,AVP
22847,WFTLKQYWQTN,DBAASP,11,1,AVP
23241,GWKRIKQRIKDKLRNL,DBAASP,16,1,AVP
23586,RRHRLIIRRRMRNSFWSSRACLAW,DBAASP,24,1,AVP
5102,GGYYCPFRQDKCHRHCRSFGRKAGYCGGFLKKTCICV,DBAASP,37,1,AVP
5895,LFYLVPGPGHG,DBAASP,11,1,AVP
6720,WDRGNVTLLSDSPNGPWVWV,DBAASP,20,1,AVP
7180,KAANRIKYFQ,DBAASP,10,1,AVP
7182,GATIRAVNSR,DBAASP,10,1,AVP
7292,RRWYRWWR,DBAASP,8,1,AVP
9374,LKKLLKLLKKLLKLAG,DBAASP,16,1,AVP
12213,NIQPPCRCC,DBAASP,9,1,AVP
12438,QSVACTSYYCSKFCGSAGCSLYGCYLLHPGKICYCLHCSR,DBAASP,40,1,AVP
13173,ATCYCRTGR,DBAASP,9,1,AVP
13174,ATCYCRTGRCATR,DBAASP,13,1,AVP
14396,AKLIPTIAL,DBAASP,9,1,AVP
15571,SVPTSVYTLGIKILWSAYKHRKTIEKSFNKGFYH,DBAASP,34,1,AVP
16546,WRRRRRRG,DBAASP,8,1,AVP
18502,ATPFVPP,DBAASP,7,1,AVP
18505,WPISFVP,DBAASP,7,1,AVP
18558,GVLAV,DBAASP,5,1,AVP
18561,GVLAF,DBAASP,5,1,AVP
19002,SMLLLFFLGTISLSLCQDDQERC,DBAASP,23,1,AVP
19177,CLGVGSCVDFAGCGYAVVCFW,DBAASP,21,1,AVP
19261,TIEEQAKTFLDKFNHEAEDLFYQSSLASWN,DBAASP,30,1,AVP
19448,LPDPLKPTKRSFIEDLLFNKVTLADAGFMKQYG,DBAASP,33,1,AVP
19449,ASANLAATKMSECVLGQSKRVDFCGKGY,DBAASP,28,1,AVP
19450,KMSECVLGQSKRV,DBAASP,13,1,AVP
19451,LLFNKVLTA,DBAASP,9,1,AVP
19452,IEEQAKTFLDKFQHEVEEIYWQS,DBAASP,23,1,AVP
19482,STALLLFPNGTVIHLLAFDTQPVAAIA,DBAASP,27,1,AVP
19483,STALLLFPNGTVIHLLAFDTQPVAAKKKK,DBAASP,29,1,AVP
19484,KKSTALLLFPNGTVIHLLAFDTQPVAAKK,DBAASP,29,1,AVP
19496,PCTVGHRRYFTFGGGYVYF,DBAASP,19,1,AVP
19497,SVERIKTTSSIEFARLQFTYNHIQ,DBAASP,24,1,AVP
19498,ANHKRYFRFGADYVY,DBAASP,15,1,AVP
19499,AGGRVTTVSLAEFAALQFTHDHTR,DBAASP,24,1,AVP
19529,FARLQFTYNHIQRHVRDMEGR,DBAASP,21,1,AVP
19533,HEVVPLEVYTRHEIK,DBAASP,15,1,AVP
19717,ELLLDLI,DBAASP,7,1,AVP
19770,KNHTSPDVDLGDISGINASVVNIQKEIDRLNEVAKNLNESLIDLQ,DBAASP,45,1,AVP
19771,PDVDLGDISGINASVVNIQKEIDRLNEVAKNLNESLIDLQEL,DBAASP,42,1,AVP
19788,VALDPIDISIVLNKAKSDLEESKEWIRRSNGKLDSI,DBAASP,36,1,AVP
19889,KKFKETADKLIESAKQQLESLAKEMK,DBAASP,26,1,AVP
20845,SDSVVSDIICTTFCSVTWCQSNCC,DBAASP,24,1,AVP
21409,RLRWVRIWRR,DBAASP,10,1,AVP
21479,GLLLTPW,DBAASP,7,1,AVP
21748,GLIDVKCYATSQCWAPCKKETGSGQSKCQNNQCRCY,DBAASP,36,1,AVP
21794,KKYRYHLKPF,DBAASP,10,1,AVP
22034,FVVWGCADYRGSCRTACFAYEYSLGAKGCADGYICCVPNTFRLM,DBAASP,44,1,AVP
22060,KWKKNWTKIIQGFLKGGIGTILNLKKK,DBAASP,27,1,AVP
22061,GWKDFKKTIKKLLRGASRLLKF,DBAASP,22,1,AVP
22062,LKKLKWLAHRLKGMLKKYLKPTAASS,DBAASP,26,1,AVP
22431,ALWKTLLKKVLKAAAKAALKAVLVGAKA,DBAASP,28,1,AVP
22844,KYTFWQYSQFY,DBAASP,11,1,AVP
22845,KYLTWQNSQIN,DBAASP,11,1,AVP
989,LMDTVKNVAKNLAGHMLDKLKCKITGC,DBAASP,27,1,AVP
DRAMP18345,CLGIGSCNNFAGCGYAVVCFW,DRAMP,21,1,AVP
DRAMP00246,VGALAVVVWLFLWLW,DRAMP,15,1,AVP
DRAMP00247,VGALAVVVWLYLWLW,DRAMP,15,1,AVP
DRAMP00762,GLPVCGETCFGGTCNTPGCTCDPWPVCTRN,DRAMP,30,1,AVP
DRAMP00834,GGTIFDCGESCFLGTCYTAGCSCGNWGLCYGTN,DRAMP,33,1,AVP
DRAMP03783,QWGYGGMPYGGYGGMGGYGMGGYGMGYRRRMWGSPYGGYGGYGGYGGWG,DRAMP,49,1,AVP
DRAMP03784,QWGYGGYGRGYGGYGGYGRGMYGGYGRGMYGGYGRGMYGGWGK,DRAMP,43,1,AVP
DRAMP02669,ACYCRIPACLAGERRYGTCIYQGRLWAFCC,DRAMP,30,1,AVP
DRAMP04582,IFGSIYHRKCVVKNRCETVSGHKTCKDLTCCRAVIFRHERPEVCRPQT,DRAMP,48,1,AVP
DRAMP01631,GLWKSLLKNVGKAAGKAALNAVTDMVNQ,DRAMP,28,1,AVP
DRAMP01632,ALWKTMLKKLGTVALHAGKAALGAAADTISQ,DRAMP,31,1,AVP
DRAMP01654,GLWSKIKEAGKAVLTAAGKAALGAVSDAV,DRAMP,29,1,AVP
DRAMP01985,GLWDTIKQAGKKIFLSVLDKIRCKVAGGC,DRAMP,29,1,AVP
DRAMP18686,FLFNVIPHAINATASLIKK,DRAMP,19,1,AVP
DRAMP02824,VRNSQSCRRNKGICVPIRCPGSMRQIGTCLGAQVKCCRRK,DRAMP,40,1,AVP
DRAMP04584,IFNSIYHRKCVVKNRCETVSGHKTCKDLTCCRAVIFRHERPEVCRPST,DRAMP,48,1,AVP
DRAMP04693,GSPRTEYEACRVRCQVAEHGVERQRRCQQVCEKRLREREGRRE,DRAMP,43,1,AVP
DRAMP04008,GLLSGILNTAGGLLGNLIGSLSN,DRAMP,23,1,AVP
DRAMP04503,GILTDTLKGAAKNVAGVLLDKLKCKITGGC,DRAMP,30,1,AVP
DRAMP04504,GILLNTLKGAAKNVAGVLLDKLKCKITGGC,DRAMP,30,1,AVP
DRAMP18680,GIADILKGLL,DRAMP,10,1,AVP
DRAMP00060,CRQSCSFGPFTFVCDGNTK,DRAMP,19,1,AVP
dbAMP_25745,CGESCVWIPCLTSAVGCSCKSKVCYRNGIP,dbAMP_AntiHIV,30,1,AVP
dbAMP_01326,EFELDRICGYGTARCRKKCRSQEYRIGRCPNTYACCLRKWDESLLNRTKP,dbAMP_AntiHIV,50,1,AVP
dbAMP_02781,GIACGESCVFLGCFIPGCSCKSKVCYFN,dbAMP_AntiHIV,28,1,AVP
dbAMP_01834,FKFGSFIKRMWRSKLAKKLRAKGKELLRDYANRVLSPEEEAAAPAPVPA,dbAMP_AntiHIV,49,1,AVP
dbAMP_02080,FLPKTLRKFFCRIRGGRCAVLNCLGKEEQIGRCSNSGRKCCRKKK,dbAMP_AntiHIV,45,1,AVP
dbAMP_03054,GILDTLKNLAKTAGKGILKSLVNTASCKLSGQC,dbAMP_AntiHIV,33,1,AVP
dbAMP_03327,GLFGVLGSIAKHVLPHVVPVIAEK,dbAMP_AntiHIV,24,1,AVP
dbAMP_04906,ITSISLCTPGCKTGALMGCNMKTATCHCSIHVSK,dbAMP_AntiHIV,34,1,AVP
dbAMP_11932,VTCDVLSFEAKGIAVNHSACALHCIALRKKGGSCQNGVCVCRN,dbAMP_AntiHIV,43,1,AVP
dbAMP_23053,GLPVCGETCVGGTCNKPGCTCSWPVCTRN,dbAMP_AntiHIV,29,1,AVP
dbAMP_23054,GLPVCGETCVGGTCNTPGCKCSWPVCTRN,dbAMP_AntiHIV,29,1,AVP
dbAMP_23048,GLPKCGETCVGGTCNTPGCTCSWPVCTRN,dbAMP_AntiHIV,29,1,AVP
dbAMP_23049,GLPVCGDTCVGGTCNTPGCTCSWPVCTRN,dbAMP_AntiHIV,29,1,AVP
dbAMP_23050,GLPVCGEKCVGGTCNTPGCTCSWPVCTRN,dbAMP_AntiHIV,29,1,AVP
dbAMP_23051,GLPVCGETCKGGTCNTPGCTCSWPVCTRN,dbAMP_AntiHIV,29,1,AVP
dbAMP_23052,GLPVCGETCVGGTCKTPGCTCSWPVCTRN,dbAMP_AntiHIV,29,1,AVP
dbAMP_23055,GLPVCGETCVGGTCNTPGCTCSWPKCTRN,dbAMP_AntiHIV,29,1,AVP
dbAMP_23056,GLPVCGETCVGGTCNTPGCTCSWPVCTRK,dbAMP_AntiHIV,29,1,AVP
dbAMP_23057,GLPVCGETCVGGTCNTPGCTCSKPVCTRN,dbAMP_AntiHIV,29,1,AVP
dbAMP_25728,CAESCVWIPCTVTALLGCSCSNNVCYNGIP,dbAMP_AntiHIV,30,1,AVP
dbAMP_25744,CGESCVWIPCLTSAIGCSCKSKVCYRNGIP,dbAMP_AntiHIV,30,1,AVP
dbAMP_25740,CGESCVWIPCISAVVGCSCKSKVCYKNGTLP,dbAMP_AntiHIV,31,1,AVP
dbAMP_25741,CGESCVWIPCISSAIGCSCKNKVCYRNGIP,dbAMP_AntiHIV,30,1,AVP
dbAMP_25751,CGESCVYIPCLTSAIGCSCKSKVCYRNGIP,dbAMP_AntiHIV,30,1,AVP
dbAMP_25951,ICGETCVGGTCNTPGCSCSWPVCTRNGLP,dbAMP_AntiHIV,29,1,AVP
dbAMP_27747,CGESCVFIPCVTALLGCSCKSKVCYKNSIP,dbAMP_AntiHIV,30,1,AVP
dbAMP_28601,VCGETCEGGTCNTPGCSCSWPVCTRNGLP,dbAMP_AntiHIV,29,1,AVP
dbAMP_32735,LQAKPHGHRLLP,dbAMP_Antiviral,12,1,AVP
dbAMP_32734,WPMPHKHQHTAL,dbAMP_Antiviral,12,1,AVP
dbAMP_32733,HHRLHSAPAPQA,dbAMP_Antiviral,12,1,AVP
dbAMP_32732,NHVHRMHATPAY,dbAMP_Antiviral,12,1,AVP
dbAMP_32731,HPVKPLFAHPVL,dbAMP_Antiviral,12,1,AVP
dbAMP_32730,AHGWNPHKTHSR,dbAMP_Antiviral,12,1,AVP
dbAMP_32727,HSSQWHPMAVHR,dbAMP_Antiviral,12,1,AVP
dbAMP_32726,HTLHRQVPKHWL,dbAMP_Antiviral,12,1,AVP
dbAMP_32736,HYSRYNPGPHPL,dbAMP_Antiviral,12,1,AVP
dbAMP_00081,ACGILHDNCVYVPAQNPCCRGLQCRYGKCLVQV,dbAMP_Antiviral,33,1,AVP
dbAMP_00055,AANFGPSVFTPEVHETWQKFLNVVVAALGKQYH,dbAMP_Antiviral,33,1,AVP
dbAMP_00986,DCLSGKYKGPCAVWDNEMCRRICKEEGHISGHCSPSLKCWCEGC,dbAMP_Antiviral,44,1,AVP
dbAMP_00336,ALGTLLKGVGSAVATVGKMVADQFGKLLQA,dbAMP_Antiviral,30,1,AVP
dbAMP_00322,ALFKIMNKIADSL,dbAMP_Antiviral,13,1,AVP
dbAMP_01181,DQYKCLQHGGFCLRSSCPSNTKLQGTCKPDKPNCCKS,dbAMP_Antiviral,37,1,AVP
dbAMP_00987,DCLSGRYKGPCAVWDNETCRRVCKEEGRSSGHCSPSLKCWCEGC,dbAMP_Antiviral,44,1,AVP
dbAMP_01910,FLGGLIKIVPAMICAVTKKC,dbAMP_Antiviral,20,1,AVP
dbAMP_01894,FLGALFKVASKVLPSVFCAITKKC,dbAMP_Antiviral,24,1,AVP
dbAMP_01880,FLFSLIPHAIGGLISAFK,dbAMP_Antiviral,18,1,AVP
dbAMP_02682,GFMSKVANFAKKFAKGGVNAIMNQK,dbAMP_Antiviral,25,1,AVP
dbAMP_01964,FLPAALAGIGGILGKLF,dbAMP_Antiviral,17,1,AVP
dbAMP_01950,FLHHIVGLIHHGLSLFGDRAD,dbAMP_Antiviral,21,1,AVP
dbAMP_01935,FLGMLLHGVGHAIHGLIHGKQNVE,dbAMP_Antiviral,24,1,AVP
dbAMP_02555,GFGCPKSALSCSQQCRENNTHSGGYCNGPFNIVCSCY,dbAMP_Antiviral,37,1,AVP
dbAMP_02512,GFFCPYNGYCDRCRKKLRRRGGYCGGRWKLTCICIMN,dbAMP_Antiviral,37,1,AVP
dbAMP_02558,GFGCPLNQGACHNHCRSIKRRGGYCSGIIKQTCTCYRK,dbAMP_Antiviral,38,1,AVP
dbAMP_02787,GICACRRRFCPNSERFSGYCRVNGARYVRCCSRR,dbAMP_Antiviral,34,1,AVP
dbAMP_04691,ILGEIWKGIKDIL,dbAMP_Antiviral,13,1,AVP
dbAMP_04581,IFKAIWSGIKRLC,dbAMP_Antiviral,13,1,AVP
dbAMP_04717,ILGPVISTIGGVLGGLLKNL,dbAMP_Antiviral,20,1,AVP
dbAMP_04865,IRNPVTCIRSGAICYPRSCPGSYKQIGVCGVSVIKCCKKP,dbAMP_Antiviral,40,1,AVP
dbAMP_10164,QKYYCRVRGGRCAVLSCLPKEEQIGKCSTRGRKCCR,dbAMP_Antiviral,36,1,AVP
dbAMP_10431,RGGRLCYCRRRFCICV,dbAMP_Antiviral,16,1,AVP
dbAMP_10430,RGGRLCYCRPRFCVCVGR,dbAMP_Antiviral,18,1,AVP
dbAMP_10427,RGGGLCYCRRRFCVCVGR,dbAMP_Antiviral,18,1,AVP
dbAMP_10356,RCICTTRTCRFPYRRLGTCLFQNRVYTFCC,dbAMP_Antiviral,30,1,AVP
dbAMP_10750,RRWQWR,dbAMP_Antiviral,6,1,AVP
dbAMP_11177,SMWSGMWRRKLKKLRNALKKKLKGE,dbAMP_Antiviral,25,1,AVP
dbAMP_11416,TFCGETCRVIPVCTYSAALGCTCDDRSDGLCKRNGDP,dbAMP_Antiviral,37,1,AVP
dbAMP_12398,DYLRSC,dbAMP_Antiviral,6,1,AVP
dbAMP_12397,ASVRT,dbAMP_Antiviral,5,1,AVP
dbAMP_12395,GQMRQPI,dbAMP_Antiviral,7,1,AVP
dbAMP_12392,KVLPLP,dbAMP_Antiviral,6,1,AVP
dbAMP_12391,IVGRPRH,dbAMP_Antiviral,7,1,AVP
dbAMP_12390,GPSMR,dbAMP_Antiviral,5,1,AVP
dbAMP_12409,VVGAK,dbAMP_Antiviral,5,1,AVP
dbAMP_12407,MCESASSK,dbAMP_Antiviral,8,1,AVP
dbAMP_12406,CFCTKPC,dbAMP_Antiviral,7,1,AVP
dbAMP_12405,IMVAEAR,dbAMP_Antiviral,7,1,AVP
dbAMP_12402,TCRGLERA,dbAMP_Antiviral,8,1,AVP
dbAMP_12401,RGLERA,dbAMP_Antiviral,6,1,AVP
dbAMP_12400,RDLPG,dbAMP_Antiviral,5,1,AVP
dbAMP_12399,ARDLPGQ,dbAMP_Antiviral,7,1,AVP
dbAMP_19929,DLELVLL,dbAMP_Antiviral,7,1,AVP
dbAMP_31518,DRKDRKRDDDRKDRKRDD,dbAMP_Antiviral,18,1,AVP
dbAMP_31517,ARKARKRAAARKARKRAA,dbAMP_Antiviral,18,1,AVP
dbAMP_31524,NRKNRKRNNNRKNRKRNN,dbAMP_Antiviral,18,1,AVP
dbAMP_31523,QRKQRKRQQQRKQRKRQQ,dbAMP_Antiviral,18,1,AVP
dbAMP_31522,IRKIRKRIIIRKIRKRII,dbAMP_Antiviral,18,1,AVP
dbAMP_31521,FRKFRKRFFFRKFRKRFF,dbAMP_Antiviral,18,1,AVP
dbAMP_31520,YRKYRKRYYYRKYRKRYY,dbAMP_Antiviral,18,1,AVP
dbAMP_31519,MRKMRKRMMMRKMRKRMM,dbAMP_Antiviral,18,1,AVP
dbAMP_31516,ERKERKREEERKERKREE,dbAMP_Antiviral,18,1,AVP
dbAMP_31515,LRKLRKRLLRLRKLRKRLLR,dbAMP_Antiviral,20,1,AVP
dbAMP_31514,LRKLRKRLLLRK,dbAMP_Antiviral,12,1,AVP
dbAMP_31513,LRKLRKRLLLRKLRK,dbAMP_Antiviral,15,1,AVP
dbAMP_31512,RLLLRKLRKRL,dbAMP_Antiviral,11,1,AVP
dbAMP_31511,LRKRLLLRKLRKRL,dbAMP_Antiviral,14,1,AVP
dbAMP_31531,PRKPRKRPPPRKPRKRPP,dbAMP_Antiviral,18,1,AVP
dbAMP_31530,HRKHRKRHHHRKHRKRHH,dbAMP_Antiviral,18,1,AVP
dbAMP_31529,GRKGRKRGGGRKGRKRGG,dbAMP_Antiviral,18,1,AVP
dbAMP_31528,TRKTRKRTTTRKTRKRTT,dbAMP_Antiviral,18,1,AVP
dbAMP_31527,VRKVRKRVVVRKVRKRVV,dbAMP_Antiviral,18,1,AVP
dbAMP_31526,SRKSRKRSSSRKSRKRSS,dbAMP_Antiviral,18,1,AVP
dbAMP_31525,CRKCRKRCCCRKCRKRCC,dbAMP_Antiviral,18,1,AVP
dbAMP_32239,CGETCVGGTCNTPGCTCWPVCGSFLRFLTKGPV,dbAMP_Antiviral,33,1,AVP
dbAMP_32581,SDARIDARI,dbAMP_Antiviral,9,1,AVP
dbAMP_32580,SRASIDARI,dbAMP_Antiviral,9,1,AVP
dbAMP_32729,SPHVNHRHWSGS,dbAMP_Antiviral,12,1,AVP
dbAMP_32728,KHLPHANMQLYG,dbAMP_Antiviral,12,1,AVP
dbAMP_32240,CGETCVGGTCNTPGCTCWPVCGSFLTGQGSFPV,dbAMP_Antiviral,33,1,AVP
dbAMP_32586,SRAMIDARI,dbAMP_Antiviral,9,1,AVP
dbAMP_32585,SRARIDYRI,dbAMP_Antiviral,9,1,AVP
dbAMP_32584,SQARIDARI,dbAMP_Antiviral,9,1,AVP
dbAMP_32583,SRAKIDARI,dbAMP_Antiviral,9,1,AVP
dbAMP_32582,SHARIDARI,dbAMP_Antiviral,9,1,AVP
dbAMP_32579,SRARIDRRI,dbAMP_Antiviral,9,1,AVP
dbAMP_32578,SRARIRARI,dbAMP_Antiviral,9,1,AVP
dbAMP_32577,SRARIDERI,dbAMP_Antiviral,9,1,AVP
dbAMP_32576,SRARIDARI,dbAMP_Antiviral,9,1,AVP
dbAMP_32737,GHIHSMRHHRPT,dbAMP_Antiviral,12,1,AVP
dbAMP_32738,HSLHVHKGLSEL,dbAMP_Antiviral,12,1,AVP
41055,YTSLIQSLIEESQNQQEKNEQELLELDKWASLWNWF,Peptipedia,36,1,AVP
41056,YTSVITIELSNIKENKCNGAKVKLIKQELDKYK,Peptipedia,33,1,AVP
38245,AAPCFCSGKPGRGDLWIFRGTCPGGYGYTSNCYKWPNICCYPH,Peptipedia,43,1,AVP
19175,AAHLPAEFTPAVHASLDKFLASVSTVLTSKYR,Peptipedia,32,1,AVP
22835,ACYCRIGACVSGERLTGACGLNGRIYRLCC,Peptipedia,30,1,AVP
13986,ALWKSLLKNVGVAAGKAALNAVTDMVNQ,Peptipedia,28,1,AVP
5172,ARLKKCFNKVTGYCRKKCKVGERYEIGCLSGKLCCAN,Peptipedia,37,1,AVP
41100,ATAEETRRMLHRAADTLA,Peptipedia,18,1,AVP
41099,ATAEETRRMLHAAFDTLA,Peptipedia,18,1,AVP
41098,ATAEETRRMLARAFDTLA,Peptipedia,18,1,AVP
41097,ATAEETRRMAHRAFDTLA,Peptipedia,18,1,AVP
41096,ATAEETRRALHRAFDTLA,Peptipedia,18,1,AVP
41095,ATAEETRAMLHRAFDTLA,Peptipedia,18,1,AVP
41094,ATAEETARMLHRAFDTLA,Peptipedia,18,1,AVP
41093,ATAEEARRMLHRAFDTLA,Peptipedia,18,1,AVP
41092,ATAEATRRMLHRAFDTLA,Peptipedia,18,1,AVP
41091,ATAAETRRMLHRAFDTLA,Peptipedia,18,1,AVP
14060,ATCDLLSFRSKWVTPNHAGCAAHCLLRGNRGGHCKGTICHCRK,Peptipedia,43,1,AVP
14054,ATCDLFSFRSKWVTPNHAGCAAHCIFLGNRGGRCVGTVCHCRK,Peptipedia,43,1,AVP
41104,ATAEETRRMLHRAFDTLA,Peptipedia,18,1,AVP
41103,ATAEETRRMLHRAFDTAA,Peptipedia,18,1,AVP
41102,ATAEETRRMLHRAFDALA,Peptipedia,18,1,AVP
41101,ATAEETRRMLHRAFATLA,Peptipedia,18,1,AVP
7228,ATNIPFKVHFRCKAAFC,Peptipedia,17,1,AVP
14102,CAETCIYIPCFTEAVGCKCKDKVCYKN,Peptipedia,27,1,AVP
14107,CEGSCVFIPCISAIIGCSCSNKVCYKNGSIP,Peptipedia,31,1,AVP
14117,CGESCVWIPCISAAIGCSCKNKVCYRAIP,Peptipedia,29,1,AVP
14116,CGESCVFIPCLTSAIDCSCKSKVCYRNGIP,Peptipedia,30,1,AVP
14111,CGESCVFIPCISAVIGCSCSNKVCYKNGSIP,Peptipedia,31,1,AVP
40858,CGRLLLRRQRRRAHQN,Peptipedia,16,1,AVP
14129,CGESCVYIPCISGVIGCSCTDKVCYLNTP,Peptipedia,29,1,AVP
14128,CGESCVYIPCFIPGCSCRNRVCYLNSAIA,Peptipedia,29,1,AVP
14125,CGESCVWIPCLTSVFNCKCENKVCYHDKIP,Peptipedia,30,1,AVP
14118,CGESCVWIPCISAVGCSCKSKVCYKNGTLP,Peptipedia,30,1,AVP
14133,CGETCFGGTCNTPGCICDPWPVCTRNGLPV,Peptipedia,30,1,AVP
14132,CGESCVYIPCTVTALLGCSCKDKVCYKN,Peptipedia,28,1,AVP
14142,CGETCVGGTCNTPGCGCSWPVCTRNGLPV,Peptipedia,29,1,AVP
14141,CGETCVGGTCNTPGCACSWPVCTRNGLPV,Peptipedia,29,1,AVP
5676,CIAKGNGCQPSGVQGNCCSGHCHKEPGWVAGYCK,Peptipedia,34,1,AVP
40859,CGYRGLCRRFCHAQEYIVGHHGCPRRYRCC,Peptipedia,30,1,AVP
14148,CGETCVVLPCFIVPGCSCKSSVCYFN,Peptipedia,26,1,AVP
14145,CGETCVILPCISAALGCSCKDTVCYKN,Peptipedia,27,1,AVP
14144,CGETCVIFPCISAAFGCSCKDTVCYKN,Peptipedia,27,1,AVP
14143,CGETCVGGTCNTPGCTCSWPVCTRNGLPV,Peptipedia,29,1,AVP
23778,CGETCVGGTCNTPGCTCSWPVCTRNGLNPV,Peptipedia,30,1,AVP
41829,CTDYVLIWC,Peptipedia,9,1,AVP
14176,CVWIPCISAAIGCSCKSKVCYRN,Peptipedia,23,1,AVP
6811,CYSAAKYPGFQEFINRKYKSSRF,Peptipedia,23,1,AVP
5734,DAEFRHDSGYEVHHQKLVFFAEDVGSNKGAIIGLMVGGVVIA,Peptipedia,42,1,AVP
5292,DAEFRHDSGYEVHHQKLVFFAEDVGSNKGAIIGLMVGGVV,Peptipedia,40,1,AVP
44189,DEDIFICHAC,Peptipedia,10,1,AVP
44298,DELICHACPCHADL,Peptipedia,14,1,AVP
44002,DEDIFICHACTICNLESY,Peptipedia,18,1,AVP
44092,DEDIFICHACPPHGDL,Peptipedia,16,1,AVP
43972,DEDIFICHACPNLESY,Peptipedia,16,1,AVP
44166,DEDIFICHACPNLESL,Peptipedia,16,1,AVP
44159,DEDIFICHACPNLEQL,Peptipedia,16,1,AVP
44169,DEDIFICHACPNLEHYPL,Peptipedia,18,1,AVP
44148,DEDIFICHACPNLEDL,Peptipedia,16,1,AVP
44214,DEDIFICHACPCHASL,Peptipedia,16,1,AVP
44383,DEDIFICHACPCHAQL,Peptipedia,16,1,AVP
44387,DEDIFICHACPCHAHYPL,Peptipedia,18,1,AVP
44244,DEDIFICHACPCHADL,Peptipedia,16,1,AVP
18606,DILSRLDKVEAEVQIDRLIT,Peptipedia,20,1,AVP
14257,DSHEERRQGRHGHHEYGRKFHEKHHSHRGY,Peptipedia,30,1,AVP
6535,DVKGMKKAIKGILDCVIEKGYDKLAAKLKKVIQQLWE,Peptipedia,37,1,AVP
44018,DVAARLRAGFGAVGAGTAEETRRMLHRAFDTLA,Peptipedia,33,1,AVP
44257,EDVVLCTICNLESY,Peptipedia,14,1,AVP
40873,EGPTLGNWAREIWATGFKKA,Peptipedia,20,1,AVP
40868,EGPTGGNWAREIWATLFKKA,Peptipedia,20,1,AVP
22846,EGVKSKLNIVCNEIGLLKSLCRKFVNSHIW,Peptipedia,30,1,AVP
6021,EGGGPQWAVGHFM,Peptipedia,13,1,AVP
41834,EMEEC,Peptipedia,5,1,AVP
14344,ETCASRCPRPCNAGLCCSIYGYCGSGAAYCGAGNCRCQCRG,Peptipedia,41,1,AVP
5810,ESVFSKIGNAVGPAAYWILKGLGNMSDVNQADRINRKKH,Peptipedia,39,1,AVP
38411,ERDDHRCGPDYGNPSCSGDRCCSIYNWCGGGSSYCSGGSCRYQCWY,Peptipedia,46,1,AVP
5780,FFGTALKIAANILPTAICKILKKC,Peptipedia,24,1,AVP
6701,FFPIVGKLLSGLSGLL,Peptipedia,16,1,AVP
5756,FFPIVGKLLS,Peptipedia,10,1,AVP
6925,FIGPVLKIAAGILPTAICKIFKKC,Peptipedia,24,1,AVP
19560,FKRLKKLFKKIWNWK,Peptipedia,15,1,AVP
4842,FLGSIVGALASALPSLISKIRN,Peptipedia,22,1,AVP
23487,FKCRRWQWRMKK,Peptipedia,12,1,AVP
14395,FKCRRWQWRM,Peptipedia,10,1,AVP
5911,FLPIIAGAAAKVVEKIFCAISKKC,Peptipedia,24,1,AVP
6016,FLPILAGLAAKLVPKVFCSITKKC,Peptipedia,24,1,AVP
5849,FLPLIASLAANFVPKIFCKITKKC,Peptipedia,24,1,AVP
14425,FLPLLGNLLNGLL,Peptipedia,13,1,AVP
42270,FLSLIPGAISAIASLFK,Peptipedia,17,1,AVP
1172,FLKPLFNAALKLLP,Peptipedia,14,1,AVP
7032,FLPVLAGLTPSIVPKLVCLLTKKC,Peptipedia,24,1,AVP
14437,FLSLLPSLVSGAVSLVKIL,Peptipedia,19,1,AVP
6696,FVLPLVMCKILRKC,Peptipedia,14,1,AVP
41839,FYAGAVVNDL,Peptipedia,10,1,AVP
5159,FVGPVLKIAAGILPTAICKIYKKC,Peptipedia,24,1,AVP
5976,GAFGNFLKGVAKKAGLKILSIAQCKLSGTC,Peptipedia,30,1,AVP
5644,GEGFLGMLLHGVGHAIHGLIHGK,Peptipedia,23,1,AVP
14497,GEFLKCGESCVQGECYTPGCSCDWPICKKN,Peptipedia,30,1,AVP
14500,GETCFGGTCNTPGCTCDPWPVCTRNGLPVC,Peptipedia,30,1,AVP
14499,GETCAGGTCNTPGCSCSWPICTRNGLPVC,Peptipedia,29,1,AVP
14526,GFGCPNDYPCHRHCKSIPGRYGGYCGGAHRLRCTC,Peptipedia,35,1,AVP
5102,GFMNTAKNVAKNVAVTLLDNLKCKITGGC,Peptipedia,29,1,AVP
6276,GFMDTAKNVAKNVAATLLDKLKCKITGGC,Peptipedia,29,1,AVP
5103,GFMDTAKNVAKNMAGNLLDNLKCKITKAC,Peptipedia,29,1,AVP
5910,GFMDTAKNVAKNEAGNLLDNLKCKITKAC,Peptipedia,29,1,AVP
14542,GFREVLKGAAKAFVKTVAGHIANI,Peptipedia,24,1,AVP
14540,GFRDVLKGAAKEFVKTVAGHIAN,Peptipedia,23,1,AVP
20332,GFPCGESCVYVPCLTAAIGCSCSNKVCYKN,Peptipedia,30,1,AVP
14533,GFKDWIKGAAKKLIKTVASNIANQ,Peptipedia,24,1,AVP
6024,GFGSFLGKALKAALKIGANVLGGAPEQ,Peptipedia,27,1,AVP
6259,GFGPAFHSVSNFAKKHKTA,Peptipedia,19,1,AVP
14560,GGTIFDCGESCFLGTCYTKGCSCGEWKLCYGEN,Peptipedia,33,1,AVP
5643,GFKLKGMARISCLPNGQWSNFPPKCIRECAMVSS,Peptipedia,34,1,AVP
14578,GICRCICGRGICRCYCGR,Peptipedia,18,1,AVP
14589,GIFSKLAGKKIKNLISGLKNIGKEVGMDVVRTGIDIAGCKIKGEC,Peptipedia,45,1,AVP
5700,GIFSKISGKAIKNLFIKGAKNVGKEVGIDVVRTGMDVVGCKIKGEC,Peptipedia,46,1,AVP
6325,GIFSKISGKAIKNLFIKGAENVGKHVGIDVVRTGIDVVGCKIKGEC,Peptipedia,46,1,AVP
6509,GIGGVLLGAGKATLKGLAKVLAEKYAN,Peptipedia,27,1,AVP
5842,GIGGALLSAGKSALKGLAKGLAEHL,Peptipedia,25,1,AVP
14583,GICRCYCGRGICRCICGR,Peptipedia,18,1,AVP
7064,GIGTKFLGGVKTALKGALKELASTYVN,Peptipedia,27,1,AVP
5021,GILSGVLGMGKKIVCGLSGLC,Peptipedia,21,1,AVP
6203,GILSGILGMGKKLVCGLSGLC,Peptipedia,21,1,AVP
5089,GILGNIVGMGKKIVCGLSGLC,Peptipedia,21,1,AVP
7115,GILDTFKNMALNAAKSAGVSVLNALSCKLSKTC,Peptipedia,33,1,AVP
14638,GIMDTIKNTAKTVAVGLLDKIKCKITGC,Peptipedia,28,1,AVP
14637,GIMDTIKDTAKTVAVGLLDKIKCKITGC,Peptipedia,28,1,AVP
5893,GIPCGESCVFIPCITGAIGCSCKSKVCYRN,Peptipedia,30,1,AVP
14568,GIACGESCAYFGCWIPGCSCRNKVCYFN,Peptipedia,28,1,AVP
14657,GIPCGESCVWIPCLTSTVGCSCKSKVCYRN,Peptipedia,30,1,AVP
5005,GILSTVFKAGKGIVCGLSGLC,Peptipedia,21,1,AVP
18500,GLFSKKGGKGGKSWIKGVFKGIKGIGKEVGGDVIRTGIEIAACKIKGEC,Peptipedia,49,1,AVP
5061,GLFSKFVGKGIKNFLIKGVKHIGKEVGMDVIRVGIDVAGCKIKGVC,Peptipedia,46,1,AVP
6071,GLFSKFAGKGIKDLIFKGVKHIGKEVGMDVIRVGIDVAGCKIKGVC,Peptipedia,46,1,AVP
6680,GLFNVFKGLKTAGKHVAGSLLNQLKCKVSGGC,Peptipedia,32,1,AVP
6275,GLLDTIKNMALNAAKSAGVSVLNTLSCKLSKTC,Peptipedia,33,1,AVP
5888,GLGSFLKNAIKIAGKVGSTIGKVADAIGNKE,Peptipedia,31,1,AVP
6330,GLLRKGGEKIGEKLKKIGQKIKNFFQKLVPQPE,Peptipedia,33,1,AVP
23152,GLLSVLGSVAKHVLPHVVPVIAEH,Peptipedia,24,1,AVP
22007,GLLSVLGSVAKHVLPHVVPVIAE,Peptipedia,23,1,AVP
6507,GLLSGVLGVGKKVDCGLSGLC,Peptipedia,21,1,AVP
14751,GLPVCGETCTLGTCYTQGCTCSWPICKRN,Peptipedia,29,1,AVP
14726,GLMDTVKNAAKNLAGQLLDTIKCKITGC,Peptipedia,28,1,AVP
6904,GLMSVTKGVLKTAGKHIFKNVGGSLLDQAKCKISGQC,Peptipedia,37,1,AVP
7146,GLMSLFKGVLKTAGKHIFKNVGGSLLDQAKCKITGEC,Peptipedia,37,1,AVP
14769,GLWSKIKDVAAAAGKAALGAVNEAL,Peptipedia,25,1,AVP
5881,GLWQFIKDKFKDAATGLVTGIQS,Peptipedia,23,1,AVP
18604,GKYEQYIK,Peptipedia,8,1,AVP
14799,GRGREFMSNLKEKLSGVKEKMKNS,Peptipedia,24,1,AVP
28609,GQTTVTKIDEDY,Peptipedia,12,1,AVP
22817,GRRRRRYRYWRRGLTIQGRSSTTITGD,Peptipedia,27,1,AVP
6126,GRKSDCFRKNGFCAFLKCPYLTLISGLCSFHLC,Peptipedia,33,1,AVP
5770,GSQLVYREWVGHSNVIKP,Peptipedia,18,1,AVP
6472,GVFTLIKGATQLIGKTLGKEVGKTGLELMACKITKQC,Peptipedia,37,1,AVP
5445,GVFTLIKGATQLIGKTLGKELGKTGLELMACKITNQC,Peptipedia,37,1,AVP
6208,GVLDILKGAGKDLLAHALSKISEKV,Peptipedia,25,1,AVP
5188,GVLATVKNLLNGTGDGAAQSVLKTLSCKLSNDC,Peptipedia,33,1,AVP
20333,GVPCAESCVYIPCISTVLGCSCSNQVCYRN,Peptipedia,30,1,AVP
14850,GVCRCICGRGVCRCICRR,Peptipedia,18,1,AVP
5129,GVFTLLKGATQLIGKTLGKELGKTGLELMACKITNQC,Peptipedia,37,1,AVP
6898,GWKSVFRKAKKVGKTVGGLALDHYL,Peptipedia,25,1,AVP
4074,GWGSFFKKAAHVGKHVGKAALTHYL,Peptipedia,25,1,AVP
28605,GYYMH,Peptipedia,5,1,AVP
5665,GVLGTVKDLLIGAGKSAAQSTLKTLSCKISNDC,Peptipedia,33,1,AVP
14880,GYCRCICGRGICRCICGR,Peptipedia,18,1,AVP
40888,HRWRKRWRKHRWRKRWRK,Peptipedia,18,1,AVP
4657,IASKFLCTPGCAKTGSFNSYCC,Peptipedia,22,1,AVP
4921,IASKFICTPGCAKTGSFNSYCC,Peptipedia,22,1,AVP
6341,IKIPAFVKDTLKKVAKGVISAVAGALTQ,Peptipedia,28,1,AVP
6995,IIPFVAGVAAEMMEHVYCAASKKC,Peptipedia,24,1,AVP
7161,ILGPVLGLVGNALGGLIKKL,Peptipedia,20,1,AVP
6781,ILGPVLGLVGNALGGLIKKI,Peptipedia,20,1,AVP
7066,ILPILGNLLNSLL,Peptipedia,13,1,AVP
6302,ILPFVAGVAAMEMEHVYCAASKKC,Peptipedia,24,1,AVP
48302,IWNHGNITLGEWYNQTKDLQQKFYEIITMDIEQNNV,Peptipedia,36,1,AVP
5533,KGAPCAKKPCCGPLGHYKVDCSTIPDYPCCSKYGFCGSGPQYCG,Peptipedia,44,1,AVP
39310,KIPCGESCVWIPCLTDVFNCKCENKVCYHD,Peptipedia,30,1,AVP
15233,KLCQRPSGTWSGVCGNNNACKNQCINLEKARHGSCNYVFPAHKCICYFPC,Peptipedia,50,1,AVP
15227,KLCERPSGTWSGVCGNSNACKNQCINLEKARHGSCNYVFPAHKCICYFPC,Peptipedia,50,1,AVP
40790,KPVSLSYRCPCRFF,Peptipedia,14,1,AVP
40789,KPVSLSYRCPCRF,Peptipedia,13,1,AVP
40894,KPVSLSYRCPCR,Peptipedia,12,1,AVP
5686,KRFKKFFKKLKKSVKKRAKKFFKKPRVIGVSIPF,Peptipedia,34,1,AVP
6113,KSCCRNTTARNCYNVCRIPG,Peptipedia,20,1,AVP
15323,KSCCPNTTGRNIYNTCRLGGGSRERCASLSGCKIISASTCPSDYPK,Peptipedia,46,1,AVP
15322,KSCCPNTTGRNIYNTCRFGGGSRQVCASLSGCKIISASTCPSDYPK,Peptipedia,46,1,AVP
28525,KTCEHLADTY,Peptipedia,10,1,AVP
28585,KSSQSLLNSGNQKNYLT,Peptipedia,17,1,AVP
40896,KRWRKRWRKWRWRKRWRK,Peptipedia,18,1,AVP
40895,KRWRKRWRKKRWRKRWRK,Peptipedia,18,1,AVP
28528,KTCENLVDTY,Peptipedia,10,1,AVP
5530,KTCENLANTYRGPCFTTGSCDDHCKNKEHLRSGRCRDDFRCWCTRNC,Peptipedia,47,1,AVP
28527,KTCENLANTY,Peptipedia,10,1,AVP
15335,KSTCKAESNTFPGLCITKPPCRKACLSEKFTDGKCSKILRRCICYKPC,Peptipedia,48,1,AVP
23079,KTCENLADTYKGPCFTSGGD,Peptipedia,20,1,AVP
28388,KTCENLADTYKGPCFT,Peptipedia,16,1,AVP
28526,KTCENLADKY,Peptipedia,10,1,AVP
40796,KWKLFKKIGIGKFLHWAKKF,Peptipedia,20,1,AVP
40795,KWKLFKKIGIGKFLHVAKKF,Peptipedia,20,1,AVP
40794,KWKLFKKIGIGKFLHFAKKF,Peptipedia,20,1,AVP
40793,KWKLFKKIGIGKFLHAAKKF,Peptipedia,20,1,AVP
6477,LAFVAGVAAEMMQHVYCAASKKC,Peptipedia,23,1,AVP
40899,LEAIPCSIPPCFAFNKDFVF,Peptipedia,20,1,AVP
40907,LEAIPMCIPPECLFNKPFVF,Peptipedia,20,1,AVP
40903,LEAIPISIPPELAFAKPFVF,Peptipedia,20,1,AVP
40901,LEAIPCSIPPECLFGKPFVF,Peptipedia,20,1,AVP
40913,LEAIPMSIPPEVFFGKPFVF,Peptipedia,20,1,AVP
40912,LEAIPMSIPPELAFAKPFVF,Peptipedia,20,1,AVP
40915,LGNWAREIWATLFKKA,Peptipedia,16,1,AVP
40914,LGNWAREIWATLFK,Peptipedia,14,1,AVP
5111,LIGPVLGLVGSALGGLLKKI,Peptipedia,20,1,AVP
7194,LLGDFFRKSKEKIGKEFKRIVQRIKDFLR,Peptipedia,29,1,AVP
6700,LLGDFFRKSKEKIGKEFKRIVQR,Peptipedia,23,1,AVP
40917,LRKRKRLLRKRKRL,Peptipedia,14,1,AVP
41788,LRKRKRL,Peptipedia,7,1,AVP
41787,LRKLRKRLL,Peptipedia,9,1,AVP
41791,LRTRKRGRK,Peptipedia,9,1,AVP
40921,LRWRKRWRKWRWRKRWRK,Peptipedia,18,1,AVP
41790,LRKRKRLRK,Peptipedia,9,1,AVP
41777,LSYRCPCRFF,Peptipedia,10,1,AVP
41792,LSYRCPCR,Peptipedia,8,1,AVP
39430,MAELWDPLQNPLPDTLYGFRCMLSVKYLQGILKKYEPGILGFELHVRS,Peptipedia,48,1,AVP
39510,MEQLWDPLQNPLPDTLYGFRCMLSVKYLQSI,Peptipedia,31,1,AVP
7336,MTPLWRIMNSKPFGAYCQNNYECSTGLCRAGHCSTSHRATSETVNY,Peptipedia,46,1,AVP
39817,MWDPLLNEFPESVHGFRCMLAIKYLQSVEETYEPNT,Peptipedia,36,1,AVP
39816,MWDPLLNEFPDSVQVSDACCN,Peptipedia,21,1,AVP
39808,MVELWDPLQNPLPDTLYGFRCMLSVKYLQGILKKYEPGTLGFELHVRS,Peptipedia,48,1,AVP
6580,NFLDTLINLAKKFI,Peptipedia,14,1,AVP
28604,NDYSYPRSR,Peptipedia,9,1,AVP
41866,NEKWLWLE,Peptipedia,8,1,AVP
40827,NGVIPCGESCVFIPCISTLLGCSKNKVCYR,Peptipedia,30,1,AVP
39829,NGIPCGESCVWIPCITSVAGCSCKSKVCYR,Peptipedia,30,1,AVP
41023,NNLLRAIEAQQHLLQLTVWQIKQLQARILAVERYLKDQ,Peptipedia,38,1,AVP
41025,NWAREIWATLFKKA,Peptipedia,14,1,AVP
6858,PFKLSLHL,Peptipedia,8,1,AVP
39875,PGCEERPDHQCGPDYGNPGCGAGRCCSIHGWCGSSADYCSGTSCQYQCSC,Peptipedia,50,1,AVP
41029,PQITLRKKRRQRRRPPQVSFNFCTLNF,Peptipedia,27,1,AVP
16335,QAFKTFTPDWNKIRNDAKRMQDNLEQMKKKFNLNL,Peptipedia,35,1,AVP
40831,PVSLSYRCPCRFFE,Peptipedia,14,1,AVP
41030,PTLGNWAREIWATLFKKA,Peptipedia,18,1,AVP
4639,QQCGRQAGNRRCANNLCCSQYGYCGRTNEYCCTSQGCQSQCRRCG,Peptipedia,45,1,AVP
48305,RASQSVSSYLA,Peptipedia,11,1,AVP
16565,RECKTESNTFPGICITKPPCRKACISEKFTDGHCSKLLRRCLCTKPC,Peptipedia,47,1,AVP
6148,RCTCTTIISSSSTF,Peptipedia,14,1,AVP
41874,RHKRRR,Peptipedia,6,1,AVP
6485,RIFSKIGGKAIKNLILKGIKNIGKEVGMDVIRTGIDVAGCKIKGEC,Peptipedia,46,1,AVP
16646,RKFHEKHHSHRGYRSNYLYDN,Peptipedia,21,1,AVP
5257,RKKWFW,Peptipedia,6,1,AVP
5324,RNCESLSHRFKGPCTRDSN,Peptipedia,19,1,AVP
6755,RPRCWIKIKFRCKSLKF,Peptipedia,17,1,AVP
39945,RNGDPTFCGETCRVIPVCTYSAALGCTCDDRSDGLCK,Peptipedia,37,1,AVP
6481,RRRRRFRRVIRRIRLPKYLTINTE,Peptipedia,24,1,AVP
22820,RRRRWRRIRRGISIRLPKFATLNTE,Peptipedia,25,1,AVP
22821,RRRRWRRIRRGISHRLPKFATLNSD,Peptipedia,25,1,AVP
22819,RRRRWPRRVTRRIRIPRYLTLNTH,Peptipedia,24,1,AVP
39949,RRRRRYRYWRRGVTIQGRSKYSTLNTGE,Peptipedia,28,1,AVP
22818,RRRRRYRYWRRGLTIQGRSKSLPLNTGD,Peptipedia,28,1,AVP
5752,RRRRRYRYWRRGLTIQGRPKSLPLNTGD,Peptipedia,28,1,AVP
41038,RRWRKRWRKWRWRKRWRK,Peptipedia,18,1,AVP
41884,RRWWCRG,Peptipedia,7,1,AVP
41882,RRWWCRE,Peptipedia,7,1,AVP
5140,RTCMKKEGWGKCLIDTTCAHSCKNRGYIGGNCKGMTRTCYCLVNC,Peptipedia,45,1,AVP
28387,RTCENLANTYRGPCI,Peptipedia,15,1,AVP
28537,RTCENLADKY,Peptipedia,10,1,AVP
41040,RTRKRGRRTRKRGR,Peptipedia,14,1,AVP
41039,RTRKRGRKRTRKRGRK,Peptipedia,16,1,AVP
41799,RTRKGRK,Peptipedia,7,1,AVP
41045,RWRKRWRKWRWRKRWRK,Peptipedia,17,1,AVP
41044,RWRKRWRKRWRKRWRK,Peptipedia,16,1,AVP
16822,RYCERSSGTWSGVCGNSGKCSNQCQRLEGAAHGSCNYVFPAHKCICYYPC,Peptipedia,50,1,AVP
16832,SCVFIPCISAAIGCSCKNKVCYRNGFPCGE,Peptipedia,30,1,AVP
4588,SALVGCWTKSYPPKPCFGR,Peptipedia,19,1,AVP
5330,SALVGCWTKSWPPKPCFGR,Peptipedia,19,1,AVP
6828,SFLSTFKELAINAAKNAGQSILHTLSCKLDKTC,Peptipedia,33,1,AVP
4629,SIRDKIKTIAIDLAKSAGTGVLKTLICKLDKSC,Peptipedia,33,1,AVP
16865,SILGTVKDLLIGAGKSAALSVLKGLSCKLSKDC,Peptipedia,33,1,AVP
16886,SLGSFMKGVGKGLATVGKIVADQFGKLLEAGKG,Peptipedia,33,1,AVP
4740,SLWETIKNAGKGFIQNLDKIR,Peptipedia,21,1,AVP
4568,SLWETIKNAGKGFILNILDKIRCKVAGGCKT,Peptipedia,31,1,AVP
41902,SWPLN,Peptipedia,5,1,AVP
6678,SVMGTVKDLLIGAGKSAAQSVLKSLSCKLSNDC,Peptipedia,33,1,AVP
6207,SVMGTVKDLLIGAGKSAAQSVLKSLSCKISNDC,Peptipedia,33,1,AVP
5815,SWLSKTYKKLENSAKKRISEGVAIAILGGLR,Peptipedia,31,1,AVP
40835,TKCRRWQRNMRKVRGPPVSCIKRDS,Peptipedia,25,1,AVP
40834,TKCFQWQWNMRKVRGPPVSCIKRDS,Peptipedia,25,1,AVP
40836,VCYRNGIPCGESCVWIPCISAALGSCK,Peptipedia,27,1,AVP
48306,VLAYDGSYQHYADSVKG,Peptipedia,17,1,AVP
41053,VITIELSNIKENKCNGAKVKLIKQELDKYKNAV,Peptipedia,33,1,AVP
22346,VTCSCRTSSCRFGERLSGACRLNGRIYRLCC,Peptipedia,31,1,AVP
5082,SVLGTVKDLLIGAGKSAAQSVLTANSCKLSNSC,Peptipedia,33,1,AVP
16946,TCVGGSCNTPGCSCSWPVCTRNGLPICGE,Peptipedia,29,1,AVP
28555,SYTFH,Peptipedia,5,1,AVP
16944,TCGETCFGGTCNTPGCTCDPWPICTRDGLP,Peptipedia,30,1,AVP
16941,TCFGGTCNTPGCSCDPWPMCSRNGLPVCGE,Peptipedia,30,1,AVP
16948,TCVGGTCNTPGCSCSWPVCTRNGVPICGE,Peptipedia,29,1,AVP
48304,TTWEAWDRAIAE,Peptipedia,12,1,AVP
18605,VKQLSSNFGAISSVLNDILSRLDKVEAEVQIDRLIT,Peptipedia,36,1,AVP
41054,WRWRKRWRKWRWRKRWRK,Peptipedia,18,1,AVP
41803,WRWRKRWRK,Peptipedia,9,1,AVP
28606,YISCYNGATSYNQKFK,Peptipedia,16,1,AVP
28607,YRASKSVSTSGYSYMH,Peptipedia,16,1,AVP
5377,YVPPVQKPHPNGPKFPTFP,Peptipedia,19,1,AVP
28603,WASTRES,Peptipedia,7,1,AVP
44143,WLMEWSMEENSK,Peptipedia,12,1,AVP
41914,WLWSSKEN,Peptipedia,8,1,AVP
41913,WLWSEQSK,Peptipedia,8,1,AVP
41911,WLWSENSK,Peptipedia,8,1,AVP
4571,WNSNRRFRVGRPPVVGRPGCVCFRAPCPCSNY,Peptipedia,32,1,AVP
41918,WRRRRL,Peptipedia,6,1,AVP
41917,WRRRIR,Peptipedia,6,1,AVP
18935,WYQLIRTFGNLIHQKYRKLLEAYRKLRD,Peptipedia,28,1,AVP
2052,YQEPVLGPVRGPFPI,Peptipedia,15,1,AVP
41076,AAAEETRRMLHRAFDTLA,Peptipedia,18,1,AVP
